NA,Red Lemon Bange Hard Ironlook Briefcase Laptop Bag Anti-Theft Hard Shell Unisex Laptop Backpack with USB Charging Backpack for Men and Women,₹889.00,4.3 out of 5 stars
NA,Sfane Polyester 23cms Duffle/Shoulder/Gym Bag for Men & Women with Separate Shoe Compartment (Grey),₹387,4.3 out of 5 stars
NA,Sfane Polyester 23cms Duffle/Shoulder/Gym Bag for Men & Women with Separate Shoe Compartment (Grey),₹387,4.3 out of 5 stars
NA,Mi Step Out 12 L Mini Backpack (Small Size Black Water Repellant),₹279,4.1 out of 5 stars
NA,Mi Step Out 12 L Mini Backpack (Small Size Black Water Repellant),₹279,4.1 out of 5 stars
NA,Lenovo 15.6" (39.62cm) Slim Everyday Backpack Made in India Compact Water-resistant Organized storage:Laptop sleevetablet pocketfront workstation2-side pocketsPadded adjustable shoulder straps,₹839,4.3 out of 5 stars
NA,Lenovo 15.6" (39.62cm) Slim Everyday Backpack Made in India Compact Water-resistant Organized storage:Laptop sleevetablet pocketfront workstation2-side pocketsPadded adjustable shoulder straps,₹839,4.3 out of 5 stars
NA,Red Lemon Bange Hard Ironlook Briefcase Laptop Bag Anti-Theft Hard Shell Unisex Laptop Backpack with USB Charging Backpack for Men and Women,₹4990,4.4 out of 5 stars
NA,Red Lemon Bange Hard Ironlook Briefcase Laptop Bag Anti-Theft Hard Shell Unisex Laptop Backpack with USB Charging Backpack for Men and Women,₹4990,4.4 out of 5 stars
NA,FUR JADEN Pro Series Smart Tech Anti-Theft Laptop Backpack With USB-A and USB-C Type Charging Port for Men & Women For Business Professionals & College Students,₹3499,4.5 out of 5 stars
NA,HOT SHOT Hotshot bag 35 Liter 1288||Laptop Bag ||College bag|| School bag||Tution Bag||office bag ||travel bag || Waterproof bag ||for Men and Women|| for Boys and Girls ||15.6 inch Laptop Backpacks,₹849,4.1 out of 5 stars
NA,Red Lemon Medium Size Unisex Adult Bange Series Rhombus Shell Design Waterproof Sling Bag With Usb Charging,₹1899,4.1 out of 5 stars
NA,TUFAOL PROPACK 45 Litre Rucksack Water Resistant Spacious Laptop Backpack For Trekking Camping Business Or Leisure Travel,₹1797,5.0 out of 5 stars
NA,NIVIA Basic Duffle Polyester Bag/Gym Bags/Adjustable Shoulder Bag for Men/Duffle Gym Bags for Men/Fitness Bag/Carry Bags/Sports & Travel Bag/Sports Kit/Duffle Bags Travel,₹269,3.9 out of 5 stars
NA,NIVIA Basic Duffle Polyester Bag/Gym Bags/Adjustable Shoulder Bag for Men/Duffle Gym Bags for Men/Fitness Bag/Carry Bags/Sports & Travel Bag/Sports Kit/Duffle Bags Travel,₹269,3.9 out of 5 stars
NA,American Tourister Fizz Large Size 32 Ltrs Casual Backpack (BLACK),₹1199,4.0 out of 5 stars
NA,American Tourister Fizz Large Size 32 Ltrs Casual Backpack (BLACK),₹1199,4.0 out of 5 stars
NA,ADISA 31 Ltrs Casual Backpack School College Bag Pack,₹399,4.0 out of 5 stars
NA,ADISA 31 Ltrs Casual Backpack School College Bag Pack,₹399,4.0 out of 5 stars
NA,Gear CarryOn 16L Foldable Water Resistant School Bag//Backpack/College Bag for Men/Women - Blue Black,₹184,3.7 out of 5 stars
NA,Gear CarryOn 16L Foldable Water Resistant School Bag//Backpack/College Bag for Men/Women - Blue Black,₹184,3.7 out of 5 stars
NA,KLEIO Quilted Crossbody Sling Bag for Women With Gold-Tone Hardware & Spacious Compartments | Stylish Bag suitable for College Shopping & Everyday Essentials with Adjustable Strap,₹1139,4.4 out of 5 stars
NA,KLEIO Quilted Crossbody Sling Bag for Women With Gold-Tone Hardware & Spacious Compartments | Stylish Bag suitable for College Shopping & Everyday Essentials with Adjustable Strap,₹1139,4.4 out of 5 stars
NA,TRUE HUMAN EMPEROR® Anti-Theft backpack With USB charging Port Laptop bag/Office bag/college bag/travel bag with anti -theft back pocket (LEGEND),₹599,3.7 out of 5 stars
NA,TRUE HUMAN EMPEROR® Anti-Theft backpack With USB charging Port Laptop bag/Office bag/college bag/travel bag with anti -theft back pocket (LEGEND),₹599,3.7 out of 5 stars
NA,Amazon Basics Water Repellent and Wear Resistant Laptop Backpack - 24L Blue,₹649,4.2 out of 5 stars
NA,Amazon Basics Water Repellent and Wear Resistant Laptop Backpack - 24L Blue,₹649,4.2 out of 5 stars
NA,Amazon Brand - Presto! Oxo-Biodegradable Garbage Bags Medium -(19 x 21 inches) - 30 bags/roll (Pack of 6 Black),₹379,4.4 out of 5 stars
NA,Amazon Brand - Solimo PU Gym Bag Black,₹569,4.2 out of 5 stars
NA,Presto! Oxo-Biodegradable Garbage Bags Large (24 x 32 inches) - 15 bags/roll (Pack of 6 Black plastic),₹389,4.3 out of 5 stars
NA,Amazon Brand - Solimo Diaper Backpack Cat Print,₹1349,4.0 out of 5 stars
NA,Blue Tree Kids Backpack Mini Travel Bag 1-6 Years COW,₹298,4.0 out of 5 stars
NA,AmazonBasics Trekker Camera Backpack - Blue,₹2499,4.1 out of 5 stars
NA,Fur Jaden Brown Textured Leatherette Stylish & Spacious Weekender Duffle Bag for Travel,₹899,4.3 out of 5 stars
NA,Fur Jaden Brown Textured Leatherette Stylish & Spacious Weekender Duffle Bag for Travel,₹899,4.3 out of 5 stars
NA,FUR JADEN Anti Theft Number Lock Backpack Bag with 15.6 Inch Laptop Compartment USB Charging Port & Organizer Pocket for Men Women Boys Girls,₹679,4.0 out of 5 stars
NA,FUR JADEN Anti Theft Number Lock Backpack Bag with 15.6 Inch Laptop Compartment USB Charging Port & Organizer Pocket for Men Women Boys Girls,₹679,4.0 out of 5 stars
NA,DEIN KLEIDER Men's Nylon Messenger Bag,₹349,4.0 out of 5 stars
NA,DEIN KLEIDER Men's Nylon Messenger Bag,₹349,4.0 out of 5 stars
NA,Skybags Brat Black 46 Cms Casual Backpack,₹639,4.1 out of 5 stars
NA,Skybags Brat Black 46 Cms Casual Backpack,₹639,4.1 out of 5 stars
NA,American Tourister VALEX BLACK LAPTOP BACKPACK 28 LtrsVolume LAPTOP COMPARTMENT BOTTLE POCKET FRONT ORGANIZER,₹1399,4.3 out of 5 stars
NA,American Tourister VALEX BLACK LAPTOP BACKPACK 28 LtrsVolume LAPTOP COMPARTMENT BOTTLE POCKET FRONT ORGANIZER,₹1399,4.3 out of 5 stars
NA,Gear Polyester 23 Cms Travel Duffle Bag (Black),₹478,4.3 out of 5 stars
NA,Gear Polyester 23 Cms Travel Duffle Bag (Black),₹478,4.3 out of 5 stars
NA,Half Moon 35 Ltrs Water Resistant 15.6 inch Laptop Bag for Men/Backpack for Men Navy Blue | Office Bag for Men/Office Bag for Women with Padded Laptop Compartment | Rain Cover & Reflective Strips,₹649,3.9 out of 5 stars
NA,Half Moon 35 Ltrs Water Resistant 15.6 inch Laptop Bag for Men/Backpack for Men Navy Blue | Office Bag for Men/Office Bag for Women with Padded Laptop Compartment | Rain Cover & Reflective Strips,₹649,3.9 out of 5 stars
NA,American Tourister VALEX BLACK LAPTOP BACKPACK 28 LtrsVolume LAPTOP COMPARTMENT BOTTLE POCKET FRONT ORGANIZER,₹889.00,4.3 out of 5 stars
NA,American Tourister VALEX BLACK LAPTOP BACKPACK 28 LtrsVolume LAPTOP COMPARTMENT BOTTLE POCKET FRONT ORGANIZER,₹1399,4.3 out of 5 stars
NA,American Tourister VALEX BLACK LAPTOP BACKPACK 28 LtrsVolume LAPTOP COMPARTMENT BOTTLE POCKET FRONT ORGANIZER,₹1399,4.3 out of 5 stars
NA,Gear Polyester 23 Cms Travel Duffle Bag (Black),₹478,4.3 out of 5 stars
NA,Gear Polyester 23 Cms Travel Duffle Bag (Black),₹478,4.3 out of 5 stars
NA,Half Moon 35 Ltrs Water Resistant 15.6 inch Laptop Bag for Men/Backpack for Men Navy Blue | Office Bag for Men/Office Bag for Women with Padded Laptop Compartment | Rain Cover & Reflective Strips,₹649,3.9 out of 5 stars
NA,Half Moon 35 Ltrs Water Resistant 15.6 inch Laptop Bag for Men/Backpack for Men Navy Blue | Office Bag for Men/Office Bag for Women with Padded Laptop Compartment | Rain Cover & Reflective Strips,₹649,3.9 out of 5 stars
NA,ADISA 15.6 inch laptop backpack office bag college travel back pack 32 Ltrs,₹499,3.9 out of 5 stars
NA,ADISA 15.6 inch laptop backpack office bag college travel back pack 32 Ltrs,₹499,3.9 out of 5 stars
NA,WILDHORN 31L Laptop Backpack for Men/Women I Fits upto 15.6" Laptop I Waterproof I Travel/Business/College Bookbags,₹599,4.1 out of 5 stars
NA,WILDHORN 31L Laptop Backpack for Men/Women I Fits upto 15.6" Laptop I Waterproof I Travel/Business/College Bookbags,₹599,4.1 out of 5 stars
NA,NIVIA Beast Gym Bag-4 Polyester/Unisex Gym Bags/Shoulder Bag for Men & Women with Separate Shoes Compartment/Carry Gym Accessories/Fitness Bag/Sports & Travel Bag/Sports Kit,₹499,4.2 out of 5 stars
NA,NIVIA Beast Gym Bag-4 Polyester/Unisex Gym Bags/Shoulder Bag for Men & Women with Separate Shoes Compartment/Carry Gym Accessories/Fitness Bag/Sports & Travel Bag/Sports Kit,₹499,4.2 out of 5 stars
NA,FATMUG Laptop Bag For Men - Convertible Backpack For Office And Travel (Dark GreyOxford Fabric),₹1699,4.4 out of 5 stars
NA,FATMUG Laptop Bag For Men - Convertible Backpack For Office And Travel (Dark GreyOxford Fabric),₹1699,4.4 out of 5 stars
NA,F Gear String 11 Ltrs Nylon Black Gym Bag,₹122,4.0 out of 5 stars
NA,F Gear String 11 Ltrs Nylon Black Gym Bag,₹122,4.0 out of 5 stars
NA,Fur Jaden 55 LTR Rucksack Travel Backpack Bag for Trekking Hiking with Shoe Compartment,₹849,4.3 out of 5 stars
NA,Fur Jaden 55 LTR Rucksack Travel Backpack Bag for Trekking Hiking with Shoe Compartment,₹849,4.3 out of 5 stars
NA,Half Moon Large 37L Laptop Bag Backpack for menं Women Boys and Girls Luggage Travel Bags with 17.3 inches Laptop Compartment & Rain Cover,₹849,3.9 out of 5 stars
NA,Half Moon Large 37L Laptop Bag Backpack for menं Women Boys and Girls Luggage Travel Bags with 17.3 inches Laptop Compartment & Rain Cover,₹849,3.9 out of 5 stars
NA,Bennett Casual Laptop Bag School Bags for Boys Girls 15.6-inch 25 LTR Office & College bags for Mens Water Repellent Backpack for Men & Women (GREY),₹512,3.9 out of 5 stars
NA,Bennett Casual Laptop Bag School Bags for Boys Girls 15.6-inch 25 LTR Office & College bags for Mens Water Repellent Backpack for Men & Women (GREY),₹512,3.9 out of 5 stars
NA,NIVIA Deflate Round 01 Polyester Gym Bag/Unisex Gym Bags/Adjustable Shoulder Bag for Men/Duffle Gym Bags for Men/Carry Gym Accessories/Fitness Bag/Sports &Travel Bag/Gym kit Bag (Black),₹459,4.2 out of 5 stars
NA,NIVIA Deflate Round 01 Polyester Gym Bag/Unisex Gym Bags/Adjustable Shoulder Bag for Men/Duffle Gym Bags for Men/Carry Gym Accessories/Fitness Bag/Sports &Travel Bag/Gym kit Bag (Black),₹459,4.2 out of 5 stars
NA,ADISA 32L large laptop backpack office bag college travel back pack with rain cover,₹599,3.8 out of 5 stars
NA,ADISA 32L large laptop backpack office bag college travel back pack with rain cover,₹599,3.8 out of 5 stars
NA,Half Moon Large 37L Laptop Bag Backpack for menं Women Boys and Girls Luggage Travel Bags with 17.3 inches Laptop Compartment & Rain Cover,₹849,3.9 out of 5 stars
NA,Half Moon Large 37L Laptop Bag Backpack for menं Women Boys and Girls Luggage Travel Bags with 17.3 inches Laptop Compartment & Rain Cover,₹849,3.9 out of 5 stars
NA,COSMUS Madison waterproof Multipurpose Backpack With laptop compartment  33L,₹1375,4.2 out of 5 stars
NA,COSMUS Madison waterproof Multipurpose Backpack With laptop compartment  33L,₹1375,4.2 out of 5 stars
NA,Storite Stylish Padded Small Nylon Sling Cross Body Travel Office Business Messenger One Side Shoulder Bag for Men Women (25x16x7.5cm) (Dark Grey),₹395,4.1 out of 5 stars
NA,Storite Stylish Padded Small Nylon Sling Cross Body Travel Office Business Messenger One Side Shoulder Bag for Men Women (25x16x7.5cm) (Dark Grey),₹395,4.1 out of 5 stars
NA,Safari Compact Size 15 Ltrs Casual Backpack For Unisex Adult - Sea Blue,₹889.00,4.0 out of 5 stars
NA,Safari Compact Size 15 Ltrs Casual Backpack For Unisex Adult - Sea Blue,₹329,4.0 out of 5 stars
NA,Safari Compact Size 15 Ltrs Casual Backpack For Unisex Adult - Sea Blue,₹329,4.0 out of 5 stars
NA,Arctic Fox 15 Liters Draw String Bag Lavender Backpack,₹209,4.2 out of 5 stars
NA,Arctic Fox 15 Liters Draw String Bag Lavender Backpack,₹209,4.2 out of 5 stars
NA,Gear Triumph Summer Print 26L Water Resistant Backpack with Rain Cover/School Bag/College Bag/Daypack/Casual Backack for Girls/Women (Blue-Beige),₹699,4.2 out of 5 stars
NA,Gear Triumph Summer Print 26L Water Resistant Backpack with Rain Cover/School Bag/College Bag/Daypack/Casual Backack for Girls/Women (Blue-Beige),₹699,4.2 out of 5 stars
NA,ADISA 32 Ltrs Water Resistant Casual Travel Bagpack/College Backpack/School Office Bag for Men and Women,₹499,3.9 out of 5 stars
NA,ADISA 32 Ltrs Water Resistant Casual Travel Bagpack/College Backpack/School Office Bag for Men and Women,₹499,3.9 out of 5 stars
NA,AmazonBasics - Mini Backpack for Outdoor Use (12 l) (Black),₹279,3.7 out of 5 stars
NA,AmazonBasics - Mini Backpack for Outdoor Use (12 l) (Black),₹279,3.7 out of 5 stars
NA,Gear Vintage2 28L Medium Size Faux Leather Water Resistant Anti Theft Unisex Laptop Backpack- Brown,₹879,4.4 out of 5 stars
NA,Gear Vintage2 28L Medium Size Faux Leather Water Resistant Anti Theft Unisex Laptop Backpack- Brown,₹879,4.4 out of 5 stars
NA,Gear Classic 20L Small Size Faux Leather Water Resistant Anti Theft Unisex Laptop Backpack- Brown,₹899,4.4 out of 5 stars
NA,Gear Classic 20L Small Size Faux Leather Water Resistant Anti Theft Unisex Laptop Backpack- Brown,₹899,4.4 out of 5 stars
NA,Murano Louis 10ltr Casual daybackpack/Office & Travel Bag/School Bag/College Bag/Men/Women/Girl/Boy (Orange),₹269,3.1 out of 5 stars
NA,Murano Louis 10ltr Casual daybackpack/Office & Travel Bag/School Bag/College Bag/Men/Women/Girl/Boy (Orange),₹269,3.1 out of 5 stars
NA,ADISA Laptop Backpack 31 Ltrs,₹399,4.0 out of 5 stars
NA,ADISA Laptop Backpack 31 Ltrs,₹399,4.0 out of 5 stars
NA,Gear Aspire 30L Water Restant Office Laptop Bag/Backpack for Men/Women/(Black),₹1014,4.3 out of 5 stars
NA,Gear Aspire 30L Water Restant Office Laptop Bag/Backpack for Men/Women/(Black),₹1014,4.3 out of 5 stars
NA,Safari Quill Large Laptop Backpack 26 Ltrs Water Resistant Fabric - Black,₹859,3.9 out of 5 stars
NA,Safari Quill Large Laptop Backpack 26 Ltrs Water Resistant Fabric - Black,₹859,3.9 out of 5 stars
NA,POLESTAR Amaze 15.6 inch 30 LTR Casual Laptop Backpack/Office Bag/School Bag/College Bag/Business Bag/Unisex Backpack Water Resistant and Light Weight 1 year Warranty,₹589,4.0 out of 5 stars
NA,POLESTAR Amaze 15.6 inch 30 LTR Casual Laptop Backpack/Office Bag/School Bag/College Bag/Business Bag/Unisex Backpack Water Resistant and Light Weight 1 year Warranty,₹589,4.0 out of 5 stars
NA,Safari Quill Large Laptop Backpack 26 Ltrs Water Resistant Fabric - Blue,₹859,4.0 out of 5 stars
NA,Safari Quill Large Laptop Backpack 26 Ltrs Water Resistant Fabric - Blue,₹859,4.0 out of 5 stars
NA,Wesley Milestone 2.0 Casual Waterproof Laptop Backpack/Office Bag/School Bag/College Bag/Business Bag/Travel Backpack (Dimensions:13x18 inches) (Compatible with 39.62cm(15.6inch laptop) 30 L (Blue & black),₹550,4.3 out of 5 stars
NA,Wesley Milestone 2.0 Casual Waterproof Laptop Backpack/Office Bag/School Bag/College Bag/Business Bag/Travel Backpack (Dimensions:13x18 inches) (Compatible with 39.62cm(15.6inch laptop) 30 L (Blue & black),₹550,4.3 out of 5 stars
NA,Safari Spartan 21 Ltrs Water Resistant Backpack - Blue S (SPARTAN19CBBLU),₹609,3.8 out of 5 stars
NA,Safari Spartan 21 Ltrs Water Resistant Backpack - Blue S (SPARTAN19CBBLU),₹609,3.8 out of 5 stars
NA,Storite Dust & Rain Cover for Backpack with Pouch Waterproof Dustproof Rain Cover Bag Elastic Adjustable for School CollegeOffice Trekking Bags (30L-35LBlack),₹179,4.2 out of 5 stars
NA,Storite Dust & Rain Cover for Backpack with Pouch Waterproof Dustproof Rain Cover Bag Elastic Adjustable for School CollegeOffice Trekking Bags (30L-35LBlack),₹179,4.2 out of 5 stars
NA,Tommy Hilfiger Joshua Laptop Backpack,₹889.00,4.1 out of 5 stars
NA,Tommy Hilfiger Joshua Laptop Backpack,₹2399,4.1 out of 5 stars
NA,Tommy Hilfiger Joshua Laptop Backpack,₹2399,4.1 out of 5 stars
NA,Safari Tribe 35 Ltrs Large Laptop Backpack with 3 Compartments Water Resistant Fabric - Black (TRIBE19CBBLK),₹1109,3.8 out of 5 stars
NA,Safari Tribe 35 Ltrs Large Laptop Backpack with 3 Compartments Water Resistant Fabric - Black (TRIBE19CBBLK),₹1109,3.8 out of 5 stars
NA,Arctic Fox Slope Anti Theft 23 L Backpack with USB Charging Port 15 Inch Laptop Backpack (Marble Black),₹1445,4.5 out of 5 stars
NA,Arctic Fox Slope Anti Theft 23 L Backpack with USB Charging Port 15 Inch Laptop Backpack (Marble Black),₹1445,4.5 out of 5 stars
NA,uppercase SealPro Professional Laptop Backpack (15.6 Inch) 3x more water resistant sustainable bags with rain proof zippers & Anti-theft for Men Women Boys and Girls 750 Days warranty,₹1900,4.5 out of 5 stars
NA,uppercase SealPro Professional Laptop Backpack (15.6 Inch) 3x more water resistant sustainable bags with rain proof zippers & Anti-theft for Men Women Boys and Girls 750 Days warranty,₹1900,4.5 out of 5 stars
NA,Storite Dust & Rain Cover for Backpack with Pouch Waterproof Dustproof Rain Cover Bag Elastic Adjustable for School CollegeOffice Trekking Bags (30L-35LBlack),₹179,4.2 out of 5 stars
NA,Storite Dust & Rain Cover for Backpack with Pouch Waterproof Dustproof Rain Cover Bag Elastic Adjustable for School CollegeOffice Trekking Bags (30L-35LBlack),₹179,4.2 out of 5 stars
NA,COSMUS Madison waterproof Multipurpose Backpack With laptop compartment  33L,₹1375,4.2 out of 5 stars
NA,COSMUS Madison waterproof Multipurpose Backpack With laptop compartment  33L,₹1375,4.2 out of 5 stars
NA,Safari Flash Casual Backpack 26 ltr Water Resistant Travel Bags| Weight Polyester Bagpack for Men and Women Spacious Shoulder Bag for College Office Travelling and Camping,₹809,3.8 out of 5 stars
NA,Safari Flash Casual Backpack 26 ltr Water Resistant Travel Bags| Weight Polyester Bagpack for Men and Women Spacious Shoulder Bag for College Office Travelling and Camping,₹809,3.8 out of 5 stars
NA,Aliza Women's Tote Bag,₹403,4.0 out of 5 stars
NA,Aliza Women's Tote Bag,₹403,4.0 out of 5 stars
NA,ADISA Light Weight Laptop Backpack 32 Ltrs,₹499,4.0 out of 5 stars
NA,ADISA Light Weight Laptop Backpack 32 Ltrs,₹499,4.0 out of 5 stars
NA,Lenovo 15.6" Casual Backpack B210,₹989,4.1 out of 5 stars
NA,Lenovo 15.6" Casual Backpack B210,₹989,4.1 out of 5 stars
NA,Safari Seek 45 Ltrs Overnighter Expandable Travel Laptop Backpack,₹2049,4.5 out of 5 stars
NA,Safari Seek 45 Ltrs Overnighter Expandable Travel Laptop Backpack,₹2049,4.5 out of 5 stars
NA,Wildcraft Nylon 44 Ltrs Casual Backpack (11629-Wolf_Black),₹1769,4.3 out of 5 stars
NA,Wildcraft Nylon 44 Ltrs Casual Backpack (11629-Wolf_Black),₹1769,4.3 out of 5 stars
NA,Bennett Casual Laptop Bag School Bags for Boys Girls 15.6-inch 25 LTR Office & College bags for Mens Water Repellent Backpack for Men & Women (GREY),₹512,3.9 out of 5 stars
NA,Bennett Casual Laptop Bag School Bags for Boys Girls 15.6-inch 25 LTR Office & College bags for Mens Water Repellent Backpack for Men & Women (GREY),₹512,3.9 out of 5 stars
NA,MI Business Casual 21L Water Resistant Laptop Backpack,₹999,4.4 out of 5 stars
NA,MI Business Casual 21L Water Resistant Laptop Backpack,₹999,4.4 out of 5 stars
NA,Safari Sheild 26 Ltrs Water Resistant Casual Backpack - (SHEILD19CBBLK),₹709,3.9 out of 5 stars
NA,Safari Sheild 26 Ltrs Water Resistant Casual Backpack - (SHEILD19CBBLK),₹709,3.9 out of 5 stars
NA,Lavie Sport Chairman Backpack with Laptop Sleeve | Premium Leatherette Business Backpack for Men & Women | Durable Office Bag for Notebook/MacBook,₹849,3.9 out of 5 stars
NA,Lavie Sport Chairman Backpack with Laptop Sleeve | Premium Leatherette Business Backpack for Men & Women | Durable Office Bag for Notebook/MacBook,₹849,3.9 out of 5 stars
NA,MI Business Casual 21L Water Resistant Laptop Backpack,₹889.00,4.4 out of 5 stars
NA,MI Business Casual 21L Water Resistant Laptop Backpack,₹999,4.4 out of 5 stars
NA,MI Business Casual 21L Water Resistant Laptop Backpack,₹999,4.4 out of 5 stars
NA,Safari Sneak Casual Backpack with USB Charging Port 26 Ltrs Water Resistant Fabric - Grey L (SNEAK19CBGRE),₹959,3.7 out of 5 stars
NA,Safari Sneak Casual Backpack with USB Charging Port 26 Ltrs Water Resistant Fabric - Grey L (SNEAK19CBGRE),₹959,3.7 out of 5 stars
NA,TRUE HUMAN® Emperor Anti-Theft Pocket backpack With USB charging Port Laptopofficecollegetravel bag for men and women(Epower),₹599,3.6 out of 5 stars
NA,TRUE HUMAN® Emperor Anti-Theft Pocket backpack With USB charging Port Laptopofficecollegetravel bag for men and women(Epower),₹599,3.6 out of 5 stars
NA,Safari Swagpack 35 Ltrs Large Laptop Backpack With 3 Compartments and Raincover - Blue (SWAGPACK19CBBLU),₹1255,3.8 out of 5 stars
NA,Safari Swagpack 35 Ltrs Large Laptop Backpack With 3 Compartments and Raincover - Blue (SWAGPACK19CBBLU),₹1255,3.8 out of 5 stars
NA,ADISA Light Weight Laptop Backpack 32 Ltrs,₹499,4.0 out of 5 stars
NA,ADISA Light Weight Laptop Backpack 32 Ltrs,₹499,4.0 out of 5 stars
NA,Safari Spartan 21 Ltrs Water Resistant Backpack - Teal S (SPARTAN19CBTEA),₹609,3.8 out of 5 stars
NA,Safari Spartan 21 Ltrs Water Resistant Backpack - Teal S (SPARTAN19CBTEA),₹609,3.8 out of 5 stars
NA,Genie Flamenco2 Casual Backpacks for Women,₹733,4.3 out of 5 stars
NA,Genie Flamenco2 Casual Backpacks for Women,₹733,4.3 out of 5 stars
NA,Wildcraft Work Packs'18 21 Ltrs Black Laptop Backpack (Streak Plus),₹1373,4.4 out of 5 stars
NA,Wildcraft Work Packs'18 21 Ltrs Black Laptop Backpack (Streak Plus),₹1373,4.4 out of 5 stars
NA,Tabelito® NEO 3O L Water Resistant Laptop/College/Office/School/Travel/Business Bag Unisex Backpack for Men Women Fits Up to 15.6 Inch Laptop Notebook.,₹399,4.0 out of 5 stars
NA,Tabelito® NEO 3O L Water Resistant Laptop/College/Office/School/Travel/Business Bag Unisex Backpack for Men Women Fits Up to 15.6 Inch Laptop Notebook.,₹399,4.0 out of 5 stars
NA,DZert Clasy Laptop Bag College Bag for Boys Girls 21 L Blue White,₹339,3.8 out of 5 stars
NA,DZert Clasy Laptop Bag College Bag for Boys Girls 21 L Blue White,₹339,3.8 out of 5 stars
NA,Half Moon Valex Unisex School Bag/ 15.6 inch Laptop Backpack/College Bagpack/Office Back Packed | Laptop Bag for Men & Women | School Bags for Boys & Girls with Small Pockets & Laptop Compartment,₹649,3.7 out of 5 stars
NA,Half Moon Valex Unisex School Bag/ 15.6 inch Laptop Backpack/College Bagpack/Office Back Packed | Laptop Bag for Men & Women | School Bags for Boys & Girls with Small Pockets & Laptop Compartment,₹649,3.7 out of 5 stars
NA,FUR JADEN 15.6 Inch Laptop Backpack 25 LTR Bag for School College and Office with USB Charging Port,₹479,3.9 out of 5 stars
NA,FUR JADEN 15.6 Inch Laptop Backpack 25 LTR Bag for School College and Office with USB Charging Port,₹479,3.9 out of 5 stars
NA,Safari Hexa 21 Ltrs Small Backpack | Water Resistant- Blue,₹609,3.8 out of 5 stars
NA,Safari Hexa 21 Ltrs Small Backpack | Water Resistant- Blue,₹609,3.8 out of 5 stars
NA,SHALIMAR large capacity Travel bag/Storage bag/Move-in bags/Duffel Bag - Strong Durable Foldable and Water Resistant (Pack of 1) (Blue),₹259,4.1 out of 5 stars
NA,SHALIMAR large capacity Travel bag/Storage bag/Move-in bags/Duffel Bag - Strong Durable Foldable and Water Resistant (Pack of 1) (Blue),₹259,4.1 out of 5 stars
NA,Gear Vintage2 28L Medium Size Faux Leather Water Resistant Anti Theft Unisex LaptopBackpack- Navy,₹979,4.4 out of 5 stars
NA,Gear Vintage2 28L Medium Size Faux Leather Water Resistant Anti Theft Unisex LaptopBackpack- Navy,₹979,4.4 out of 5 stars
NA,Zebronics Camp1 14 Liters 1 Compartment Laptop Backpacks Fit Up to 15.6-inch Laptop Polyester Fabric Office Use and Mini Business Travel Bags (Black),₹499,2.8 out of 5 stars
NA,Zebronics Camp1 14 Liters 1 Compartment Laptop Backpacks Fit Up to 15.6-inch Laptop Polyester Fabric Office Use and Mini Business Travel Bags (Black),₹499,2.8 out of 5 stars
NA,Martucci Jersey 45L Casual Waterproof Laptop Backpack/Office Bag/School Bag/College Bag/Business Bag/Unisex Travel Backpack,₹889.00,3.6 out of 5 stars
NA,Martucci Jersey 45L Casual Waterproof Laptop Backpack/Office Bag/School Bag/College Bag/Business Bag/Unisex Travel Backpack,₹809,3.6 out of 5 stars
NA,Martucci Jersey 45L Casual Waterproof Laptop Backpack/Office Bag/School Bag/College Bag/Business Bag/Unisex Travel Backpack,₹809,3.6 out of 5 stars
NA,Zipline Unisex Casual Polyester 36 L Backpack School Bag Women Men Boys Girls Children Daypack College Bag Book School Sports Bag,₹843,3.6 out of 5 stars
NA,Zipline Unisex Casual Polyester 36 L Backpack School Bag Women Men Boys Girls Children Daypack College Bag Book School Sports Bag,₹843,3.6 out of 5 stars
NA,Zebronics Camp1 14 Liters 1 Compartment Laptop Backpacks Fit Up to 15.6-inch Laptop Polyester Fabric Office Use and Mini Business Travel Bags (Black),₹499,2.8 out of 5 stars
NA,Zebronics Camp1 14 Liters 1 Compartment Laptop Backpacks Fit Up to 15.6-inch Laptop Polyester Fabric Office Use and Mini Business Travel Bags (Black),₹499,2.8 out of 5 stars
NA,Gear Statement Polyester Maxis Duffel-cum-Backpack 33 Ltrs Black-Yellow Travel Duffle for Gym Biking Sport use (DUFSTMTMAXS01),₹944,4.4 out of 5 stars
NA,Gear Statement Polyester Maxis Duffel-cum-Backpack 33 Ltrs Black-Yellow Travel Duffle for Gym Biking Sport use (DUFSTMTMAXS01),₹944,4.4 out of 5 stars
NA,Gear Cross Training 22L Water Resistant Travel Duffle Bag/Gym Bag for Men/Women - Grey Orange,₹467,4.2 out of 5 stars
NA,Gear Cross Training 22L Water Resistant Travel Duffle Bag/Gym Bag for Men/Women - Grey Orange,₹467,4.2 out of 5 stars
NA,Amazon Brand - Solimo Rain & Dust Cover for Backpack (30 Litres Black),₹259,4.2 out of 5 stars
NA,Amazon Brand - Solimo Rain & Dust Cover for Backpack (30 Litres Black),₹259,4.2 out of 5 stars
NA,Half Moon 55L Waterproof Rucksack Bags for Men/Trekking Bags for Men Polyester Navy | With Laptop Compartment & Rain cover | For Trekking Hiking Travel Backpack for Men & Women,₹979,4.0 out of 5 stars
NA,Half Moon 55L Waterproof Rucksack Bags for Men/Trekking Bags for Men Polyester Navy | With Laptop Compartment & Rain cover | For Trekking Hiking Travel Backpack for Men & Women,₹979,4.0 out of 5 stars
NA,FUR JADEN Anti Theft Number Lock Backpack Bag with 15.6 Inch Laptop Compartment USB Charging Port & Organizer Pocket for Men Women Boys Girls,₹670,4.0 out of 5 stars
NA,FUR JADEN Anti Theft Number Lock Backpack Bag with 15.6 Inch Laptop Compartment USB Charging Port & Organizer Pocket for Men Women Boys Girls,₹670,4.0 out of 5 stars
NA,Glowic Unisex's Backpack for Men & Women Lightweight Student Casual Shoulder Bag with Drawstring Travel Daypack (WBAG-63) (Cream),₹899,3.8 out of 5 stars
NA,Glowic Unisex's Backpack for Men & Women Lightweight Student Casual Shoulder Bag with Drawstring Travel Daypack (WBAG-63) (Cream),₹899,3.8 out of 5 stars
NA,Wesley 15 Liter Casual Daypack Backpack,₹239,3.7 out of 5 stars
NA,Wesley 15 Liter Casual Daypack Backpack,₹239,3.7 out of 5 stars
NA,Wildcraft Nylon 44 Ltrs Casual Backpack (11629-Wolf_Black),₹1769,4.3 out of 5 stars
NA,Wildcraft Nylon 44 Ltrs Casual Backpack (11629-Wolf_Black),₹1769,4.3 out of 5 stars
NA,Kore Regular Gym Bag,₹59,2.6 out of 5 stars
NA,Kore Regular Gym Bag,₹59,2.6 out of 5 stars
NA,Lavie Women's Jana Dome Sling Bag| Ladies Purse Handbag,₹671,4.2 out of 5 stars
NA,Lavie Women's Jana Dome Sling Bag| Ladies Purse Handbag,₹671,4.2 out of 5 stars
NA,Genie Miami Laptop Backpack for WomenTuition bag 16 inches Office Bag Sky Blue Stylish and Trendy Bag for Office and College,₹803,4.2 out of 5 stars
NA,Genie Miami Laptop Backpack for WomenTuition bag 16 inches Office Bag Sky Blue Stylish and Trendy Bag for Office and College,₹803,4.2 out of 5 stars
NA,Amazon Basics Classic Camera Shoulder Bag Adjustable Strap Waterproof material Breathable Mesh Anti-Shock Compatible with Nikon Canon and Sony Mirrorless Cameras,₹799,NA
NA,Amazon Basics Classic Camera Shoulder Bag Adjustable Strap Waterproof material Breathable Mesh Anti-Shock Compatible with Nikon Canon and Sony Mirrorless Cameras,₹799,NA
NA,Amazon Basics Water Repellent and Wear Resistant Laptop Backpack - 24L Blue,₹649,4.2 out of 5 stars
NA,Amazon Basics Water Repellent and Wear Resistant Laptop Backpack - 24L Blue,₹649,4.2 out of 5 stars
NA,Half Moon Large 37L Laptop Bag Backpack for menं Women Boys and Girls Luggage Travel Bags with 17.3 inches Laptop Compartment & Rain Cover,₹889.00,3.9 out of 5 stars
NA,Half Moon Large 37L Laptop Bag Backpack for menं Women Boys and Girls Luggage Travel Bags with 17.3 inches Laptop Compartment & Rain Cover,₹849,3.9 out of 5 stars
NA,Half Moon Large 37L Laptop Bag Backpack for menं Women Boys and Girls Luggage Travel Bags with 17.3 inches Laptop Compartment & Rain Cover,₹849,3.9 out of 5 stars
NA,Safari Hexa 21 Ltrs Small Backpack | Water Resistant- Blue,₹609,3.8 out of 5 stars
NA,Safari Hexa 21 Ltrs Small Backpack | Water Resistant- Blue,₹609,3.8 out of 5 stars
NA,Tabelito® NEO 3O L Water Resistant Laptop/College/Office/School/Travel/Business Bag Unisex Backpack for Men Women Fits Up to 15.6 Inch Laptop Notebook.,₹399,4.0 out of 5 stars
NA,Tabelito® NEO 3O L Water Resistant Laptop/College/Office/School/Travel/Business Bag Unisex Backpack for Men Women Fits Up to 15.6 Inch Laptop Notebook.,₹399,4.0 out of 5 stars
NA,Aliza Women's Tote Bag,₹403,4.0 out of 5 stars
NA,Aliza Women's Tote Bag,₹403,4.0 out of 5 stars
NA,Fur Jaden Hiking Camping Rucksack Casual 10 Ltrs Blue Casual Backpack,₹239,3.6 out of 5 stars
NA,Fur Jaden Hiking Camping Rucksack Casual 10 Ltrs Blue Casual Backpack,₹239,3.6 out of 5 stars
NA,HP 320 15.6-inch Backpacks/Trolley Pass-Through; Padded Back Panel; Padded air mesh Panel/Hand wash and air Dry/Padded Laptop Pocket/1 Year Limited Warranty (793A6AA),₹1170,3.9 out of 5 stars
NA,HP 320 15.6-inch Backpacks/Trolley Pass-Through; Padded Back Panel; Padded air mesh Panel/Hand wash and air Dry/Padded Laptop Pocket/1 Year Limited Warranty (793A6AA),₹1170,3.9 out of 5 stars
NA,Szeentp 15.6 inch 15 L Casual Waterproof Laptop Backpack/Office Bag/School Bag/College Bag/Business Bag/Unisex Travel Backpack,₹284,3.8 out of 5 stars
NA,Szeentp 15.6 inch 15 L Casual Waterproof Laptop Backpack/Office Bag/School Bag/College Bag/Business Bag/Unisex Travel Backpack,₹284,3.8 out of 5 stars
NA,ADISA 15.6 inch laptop backpack office bag college travel back pack 32 Ltrs,₹499,3.9 out of 5 stars
NA,ADISA 15.6 inch laptop backpack office bag college travel back pack 32 Ltrs,₹499,3.9 out of 5 stars
NA,Safari Seek 45 Ltrs Overnighter Expandable Travel Laptop Backpack,₹2049,4.5 out of 5 stars
NA,Safari Seek 45 Ltrs Overnighter Expandable Travel Laptop Backpack,₹2049,4.5 out of 5 stars
NA,POLESTAR Space 34 L Bag for College School Office Casual Multipurpose Backpack with 15.6" Laptop Compartment Water Resistant Unisex Design Stylish & Durable 1 Year Warranty,₹589,4.0 out of 5 stars
NA,POLESTAR Space 34 L Bag for College School Office Casual Multipurpose Backpack with 15.6" Laptop Compartment Water Resistant Unisex Design Stylish & Durable 1 Year Warranty,₹589,4.0 out of 5 stars
NA,CROSS EFFECT Laptop Bag For Office and College upto 16 inch with USB Charging Port for Men and Women,₹599,3.7 out of 5 stars
NA,CROSS EFFECT Laptop Bag For Office and College upto 16 inch with USB Charging Port for Men and Women,₹599,3.7 out of 5 stars
NA,Genie Lush School Bag for Girls 19 inch Backpack for Women 3 compartments Water Resistant Stylish and Trendy College Backpacks for Girls,₹1104,4.1 out of 5 stars
NA,Genie Lush School Bag for Girls 19 inch Backpack for Women 3 compartments Water Resistant Stylish and Trendy College Backpacks for Girls,₹1104,4.1 out of 5 stars
NA,Artistix Talon Anti Theft Design Laptop Backpack With USB Charging Port (46 Cm 25LBlack),₹999,4.3 out of 5 stars
NA,Artistix Talon Anti Theft Design Laptop Backpack With USB Charging Port (46 Cm 25LBlack),₹999,4.3 out of 5 stars
NA,HEROZ Harbour Unisex Nylon 28 L Medium Size Travel Laptop Backpack Water Resistant Slim Durable Fits Up to 15.6 Inch Laptop Notebook (153-ALL) (Air Force Blue),₹841,4.1 out of 5 stars
NA,HEROZ Harbour Unisex Nylon 28 L Medium Size Travel Laptop Backpack Water Resistant Slim Durable Fits Up to 15.6 Inch Laptop Notebook (153-ALL) (Air Force Blue),₹841,4.1 out of 5 stars
NA,POLICE Backpack for Men Casual Laptop Bag Office/Travel/College 30 Ltr Hedge Polyester - Black,₹1399,4.1 out of 5 stars
NA,POLICE Backpack for Men Casual Laptop Bag Office/Travel/College 30 Ltr Hedge Polyester - Black,₹1399,4.1 out of 5 stars
NA,Gear Turbo 45L Expandable Water Resistant Antitheft Laptop Bag/Backpack/Briefcase For Men/Women With Raincover (Grey),₹1794,4.4 out of 5 stars
NA,Gear Turbo 45L Expandable Water Resistant Antitheft Laptop Bag/Backpack/Briefcase For Men/Women With Raincover (Grey),₹1794,4.4 out of 5 stars
NA,HP 320 15.6-inch Backpacks/Trolley Pass-Through; Padded Back Panel; Padded air mesh Panel/Hand wash and air Dry/Padded Laptop Pocket/1 Year Limited Warranty (793A6AA),₹889.00,3.9 out of 5 stars
NA,HP 320 15.6-inch Backpacks/Trolley Pass-Through; Padded Back Panel; Padded air mesh Panel/Hand wash and air Dry/Padded Laptop Pocket/1 Year Limited Warranty (793A6AA),₹1170,3.9 out of 5 stars
NA,HP 320 15.6-inch Backpacks/Trolley Pass-Through; Padded Back Panel; Padded air mesh Panel/Hand wash and air Dry/Padded Laptop Pocket/1 Year Limited Warranty (793A6AA),₹1170,3.9 out of 5 stars
NA,ADISA 15.6 inch laptop backpack office bag college travel back pack 32 Ltrs,₹499,3.9 out of 5 stars
NA,ADISA 15.6 inch laptop backpack office bag college travel back pack 32 Ltrs,₹499,3.9 out of 5 stars
NA,Tabelito® NEO 3O L Water Resistant Laptop/College/Office/School/Travel/Business Bag Unisex Backpack for Men Women Fits Up to 15.6 Inch Laptop Notebook.,₹399,4.0 out of 5 stars
NA,Tabelito® NEO 3O L Water Resistant Laptop/College/Office/School/Travel/Business Bag Unisex Backpack for Men Women Fits Up to 15.6 Inch Laptop Notebook.,₹399,4.0 out of 5 stars
NA,Safari Seek 45 Ltrs Overnighter Expandable Travel Laptop Backpack,₹2049,4.5 out of 5 stars
NA,Safari Seek 45 Ltrs Overnighter Expandable Travel Laptop Backpack,₹2049,4.5 out of 5 stars
NA,POLESTAR Enzo 15.6 inch 35 LTR Casual Laptop Backpack/Office Bag/School Bag/College Bag/Business Bag/Unisex Backpack Water Resistant and Light Weight 1 year Warranty,₹659,4.1 out of 5 stars
NA,POLESTAR Enzo 15.6 inch 35 LTR Casual Laptop Backpack/Office Bag/School Bag/College Bag/Business Bag/Unisex Backpack Water Resistant and Light Weight 1 year Warranty,₹659,4.1 out of 5 stars
NA,Berlin Bags Vintage Leather Laptop Bag Madrid Briefcase for Women Men - Brown,₹9999,4.8 out of 5 stars
NA,Berlin Bags Vintage Leather Laptop Bag Madrid Briefcase for Women Men - Brown,₹9999,4.8 out of 5 stars
NA,Dyazo Water Resistant Laptop Sleeve with Handle Compatible for 15 Inch to 15.6" Inches laptops & Notebooks - Grey,₹299,4.3 out of 5 stars
NA,Dyazo Water Resistant Laptop Sleeve with Handle Compatible for 15 Inch to 15.6" Inches laptops & Notebooks - Grey,₹299,4.3 out of 5 stars
NA,POLESTAR Vintage 15.6 inch 32 LTR Casual Laptop Backpack/Office Bag/School Bag/College Bag/Business Bag/Unisex Backpack Water Resistant and Light Weight 1 year Warranty,₹589,3.9 out of 5 stars
NA,POLESTAR Vintage 15.6 inch 32 LTR Casual Laptop Backpack/Office Bag/School Bag/College Bag/Business Bag/Unisex Backpack Water Resistant and Light Weight 1 year Warranty,₹589,3.9 out of 5 stars
NA,Wildcraft Turnaround Polyester 35 Ltrs Blue Laptop Bag (8903338054702),₹1748,4.4 out of 5 stars
NA,Wildcraft Turnaround Polyester 35 Ltrs Blue Laptop Bag (8903338054702),₹1748,4.4 out of 5 stars
NA,uppercase Laptop Backpack Printed Compact 3x more water repellent sustainable bags with rain proof zippers for Men Women Boys & Girls 750 Days warranty (Blue),₹1350,4.1 out of 5 stars
NA,uppercase Laptop Backpack Printed Compact 3x more water repellent sustainable bags with rain proof zippers for Men Women Boys & Girls 750 Days warranty (Blue),₹1350,4.1 out of 5 stars
NA,Fur Jaden Casual 10L Mini Backpack for Hiking Trekking School College for Men Women Boys Girls (Textured Navy),₹319,3.9 out of 5 stars
NA,Fur Jaden Casual 10L Mini Backpack for Hiking Trekking School College for Men Women Boys Girls (Textured Navy),₹319,3.9 out of 5 stars
NA,CAPRIFF 32 L Casual Waterproof Laptop Bag/Backpack for Men Boys & Girls For Office School College Teens & Students with Rain Cover With adjustable Strap With 2 Compartment,₹699,3.8 out of 5 stars
NA,CAPRIFF 32 L Casual Waterproof Laptop Bag/Backpack for Men Boys & Girls For Office School College Teens & Students with Rain Cover With adjustable Strap With 2 Compartment,₹699,3.8 out of 5 stars
NA,POLESTAR Space 34 L Bag for College School Office Casual Multipurpose Backpack with 15.6" Laptop Compartment Water Resistant Unisex Design Stylish & Durable 1 Year Warranty,₹589,4.0 out of 5 stars
NA,POLESTAR Space 34 L Bag for College School Office Casual Multipurpose Backpack with 15.6" Laptop Compartment Water Resistant Unisex Design Stylish & Durable 1 Year Warranty,₹589,4.0 out of 5 stars
NA,TRUE HUMAN® EMPEROR 15.6 inch laptop bag with USB charging port Laptop bagoffice bag college bags anti theft (CAPTAIN),₹649,3.9 out of 5 stars
NA,TRUE HUMAN® EMPEROR 15.6 inch laptop bag with USB charging port Laptop bagoffice bag college bags anti theft (CAPTAIN),₹649,3.9 out of 5 stars
NA,CRALOFT Premium 9 Inch Mini Sling Bag for Men and Women Small Travel Bag with Water-resistant Compact and Sturdy Small Sling Bag (S5 Black with Radium Bar),₹549,4.3 out of 5 stars
NA,CRALOFT Premium 9 Inch Mini Sling Bag for Men and Women Small Travel Bag with Water-resistant Compact and Sturdy Small Sling Bag (S5 Black with Radium Bar),₹549,4.3 out of 5 stars
NA,F Gear Luxur Brown 25 liter Laptop Backpack (2404),₹1099,4.4 out of 5 stars
NA,F Gear Luxur Brown 25 liter Laptop Backpack (2404),₹1099,4.4 out of 5 stars
NA,Half Moon Aztec 37L School Bag Class 5-12 | College Bagpack for Men/College Back pack for Women | 15.6 inch Laptop Bag for Men/Backpack for Men | Spacious & Multiple Pockets,₹889.00,3.6 out of 5 stars
NA,Half Moon Aztec 37L School Bag Class 5-12 | College Bagpack for Men/College Back pack for Women | 15.6 inch Laptop Bag for Men/Backpack for Men | Spacious & Multiple Pockets,₹649,3.6 out of 5 stars
NA,Half Moon Aztec 37L School Bag Class 5-12 | College Bagpack for Men/College Back pack for Women | 15.6 inch Laptop Bag for Men/Backpack for Men | Spacious & Multiple Pockets,₹649,3.6 out of 5 stars
NA,Lavie Women's Sara Box Sling Bag | Ladies Purse Handbag,₹869,4.0 out of 5 stars
NA,Lavie Women's Sara Box Sling Bag | Ladies Purse Handbag,₹869,4.0 out of 5 stars
NA,Boldfit Waist Bag for Men Fanny Pack for Women Fanny Pack for Men Waist Bag for Women Chest Bag for Women Waist Pouch for Men Waist Bag for Boys Waist Bags for Girls Fanny Bag - Black,₹299,4.2 out of 5 stars
NA,Boldfit Waist Bag for Men Fanny Pack for Women Fanny Pack for Men Waist Bag for Women Chest Bag for Women Waist Pouch for Men Waist Bag for Boys Waist Bags for Girls Fanny Bag - Black,₹299,4.2 out of 5 stars
NA,HP 320 15.6-inch Backpacks/Trolley Pass-Through; Padded Back Panel; Padded air mesh Panel/Hand wash and air Dry/Padded Laptop Pocket/1 Year Limited Warranty (793A6AA),₹1170,3.9 out of 5 stars
NA,HP 320 15.6-inch Backpacks/Trolley Pass-Through; Padded Back Panel; Padded air mesh Panel/Hand wash and air Dry/Padded Laptop Pocket/1 Year Limited Warranty (793A6AA),₹1170,3.9 out of 5 stars
NA,Wildcraft Work Packs'18 21 Ltrs Black Laptop Backpack (Streak Plus),₹1373,4.4 out of 5 stars
NA,Wildcraft Work Packs'18 21 Ltrs Black Laptop Backpack (Streak Plus),₹1373,4.4 out of 5 stars
NA,LX Small Shoulder Bags For Women Mini Handbags Small Size Stylish Ladies Purse With Croc Pattern,₹378,4.1 out of 5 stars
NA,LX Small Shoulder Bags For Women Mini Handbags Small Size Stylish Ladies Purse With Croc Pattern,₹378,4.1 out of 5 stars
NA,ADISA 15.6 inch laptop backpack office bag college travel back pack 32 Ltrs,₹499,3.9 out of 5 stars
NA,ADISA 15.6 inch laptop backpack office bag college travel back pack 32 Ltrs,₹499,3.9 out of 5 stars
NA,URBAN CARRIER School Bag For girls school bags for boys Class 5-10 Large 4 partition 45 L Laptop Collage Office Travel Unisex Backpack,₹431,3.5 out of 5 stars
NA,URBAN CARRIER School Bag For girls school bags for boys Class 5-10 Large 4 partition 45 L Laptop Collage Office Travel Unisex Backpack,₹431,3.5 out of 5 stars
NA,Tabelito® NEO 3O L Water Resistant Laptop/College/Office/School/Travel/Business Bag Unisex Backpack for Men Women Fits Up to 15.6 Inch Laptop Notebook.,₹399,4.0 out of 5 stars
NA,Tabelito® NEO 3O L Water Resistant Laptop/College/Office/School/Travel/Business Bag Unisex Backpack for Men Women Fits Up to 15.6 Inch Laptop Notebook.,₹399,4.0 out of 5 stars
NA,Blue Tree Velvet Kids School/Nursery/Picnic/Carry/Travelling Bag - 2 to 5 Age (Yellow_Blue School Bag),₹285,4.1 out of 5 stars
NA,Blue Tree Velvet Kids School/Nursery/Picnic/Carry/Travelling Bag - 2 to 5 Age (Yellow_Blue School Bag),₹285,4.1 out of 5 stars
NA,Storite Stylish PU Leather Sling Cross Body Travel Office Business Messenger One Side Shoulder Bag for Men Women(30cmx5.5cmx24cm) (CoffeeDarkbrown),₹899,4.0 out of 5 stars
NA,Storite Stylish PU Leather Sling Cross Body Travel Office Business Messenger One Side Shoulder Bag for Men Women(30cmx5.5cmx24cm) (CoffeeDarkbrown),₹899,4.0 out of 5 stars
NA,AmazonBasics - Casual Backpack/Office Bag/ for a 15.6-inch Laptop,₹699,4.0 out of 5 stars
NA,AmazonBasics - Casual Backpack/Office Bag/ for a 15.6-inch Laptop,₹699,4.0 out of 5 stars
NA,BEAUTY GIRLS BY HOTSHOT || Platinum Series || Limited Edition ||Bag for Girls and Women Waterproof School Bag,₹469,3.7 out of 5 stars
NA,BEAUTY GIRLS BY HOTSHOT || Platinum Series || Limited Edition ||Bag for Girls and Women Waterproof School Bag,₹469,3.7 out of 5 stars
NA,Lenovo 15.6-inch Casual Laptop Briefcase T210,₹979,4.2 out of 5 stars
NA,Lenovo 15.6-inch Casual Laptop Briefcase T210,₹979,4.2 out of 5 stars
NA,CRALOFT Premium 9 Inch Mini Sling Bag for Men and Women Small Travel Bag with Water-resistant Compact and Sturdy Small Sling Bag (S5 Black with Radium Bar),₹549,4.3 out of 5 stars
NA,CRALOFT Premium 9 Inch Mini Sling Bag for Men and Women Small Travel Bag with Water-resistant Compact and Sturdy Small Sling Bag (S5 Black with Radium Bar),₹549,4.3 out of 5 stars
NA,Gear Parker 23L Water Resistant Anti Theft Laptop Bag/Backpack for Men/Women - Black,₹744,4.3 out of 5 stars
NA,Gear Parker 23L Water Resistant Anti Theft Laptop Bag/Backpack for Men/Women - Black,₹744,4.3 out of 5 stars
NA,Pigeon Breast Milk Storage BagSecure Seal & easy StorageHygienic Breast Milk StorageLeak ProofZipper Zeal Breast Milk Storage5 pcsWhitePack of 2,₹889.00,4.3 out of 5 stars
NA,Pigeon Breast Milk Storage BagSecure Seal & easy StorageHygienic Breast Milk StorageLeak ProofZipper Zeal Breast Milk Storage5 pcsWhitePack of 2,₹240,4.3 out of 5 stars
NA,Pigeon Breast Milk Storage BagSecure Seal & easy StorageHygienic Breast Milk StorageLeak ProofZipper Zeal Breast Milk Storage5 pcsWhitePack of 2,₹240,4.3 out of 5 stars
NA,Tabelito® Basic Laptop Bag Laptop Cover Laptop Bags Laptop Sleeve Office Bag Laptop Bag 15.6 inch(39.6cm) Laptop Apple/Lenovo/Asus/Hp/MacBook/Thinkpad/Ideapad (Grey),₹299,4.1 out of 5 stars
NA,Tabelito® Basic Laptop Bag Laptop Cover Laptop Bags Laptop Sleeve Office Bag Laptop Bag 15.6 inch(39.6cm) Laptop Apple/Lenovo/Asus/Hp/MacBook/Thinkpad/Ideapad (Grey),₹299,4.1 out of 5 stars
NA,Half Moon Aztec 37L School Bag Class 5-12 | College Bagpack for Men/College Back pack for Women | 15.6 inch Laptop Bag for Men/Backpack for Men | Spacious & Multiple Pockets,₹649,3.6 out of 5 stars
NA,Half Moon Aztec 37L School Bag Class 5-12 | College Bagpack for Men/College Back pack for Women | 15.6 inch Laptop Bag for Men/Backpack for Men | Spacious & Multiple Pockets,₹649,3.6 out of 5 stars
NA,ZOUK Black Printed Handmade Vegan Leather Women's Office Bag for 15.6 inch Laptop with double handles - Lattice Lace,₹1699,4.3 out of 5 stars
NA,ZOUK Black Printed Handmade Vegan Leather Women's Office Bag for 15.6 inch Laptop with double handles - Lattice Lace,₹1699,4.3 out of 5 stars
NA,NORTH ZONE Lightweight school bags Backpacks for Boys Girls Stylish men and women Casual Travel Laptop Bag College office,₹630,4.0 out of 5 stars
NA,NORTH ZONE Lightweight school bags Backpacks for Boys Girls Stylish men and women Casual Travel Laptop Bag College office,₹630,4.0 out of 5 stars
NA,DZert Kids School Bag Soft Plush Backpacks Cartoon Boys Girls Baby (2-5 Years),₹200,3.7 out of 5 stars
NA,DZert Kids School Bag Soft Plush Backpacks Cartoon Boys Girls Baby (2-5 Years),₹200,3.7 out of 5 stars
NA,Lavie Women's Denali Emboss Sling Bag | Ladies Purse Handbag,₹899,4.1 out of 5 stars
NA,Lavie Women's Denali Emboss Sling Bag | Ladies Purse Handbag,₹899,4.1 out of 5 stars
NA,Nivia String Bag/Drawstring Bag/Sports Bag Boys/Polyester String Bag/Kit Bags/Drawstring Sports Bag/Dori Backpack/Gym Bag/String Bag Men Waterproof/Drawstring Backpack (Red),₹193,4.1 out of 5 stars
NA,Nivia String Bag/Drawstring Bag/Sports Bag Boys/Polyester String Bag/Kit Bags/Drawstring Sports Bag/Dori Backpack/Gym Bag/String Bag Men Waterproof/Drawstring Backpack (Red),₹193,4.1 out of 5 stars
NA,Safari Polyester 24 Cms Travel Bag(KRYPTON17DFBLU_Blue),₹517.49,3.7 out of 5 stars
NA,Safari Polyester 24 Cms Travel Bag(KRYPTON17DFBLU_Blue),₹517.49,3.7 out of 5 stars
NA,Lenovo 15.6" Professional Backpack Made in India Water-resistantUncompromised storage Travel friendly:Fleece-lined PC compartmentVentedPadded BackPanel & Adjustable shoulder strapsLuggage strap,₹700,4.3 out of 5 stars
NA,Lenovo 15.6" Professional Backpack Made in India Water-resistantUncompromised storage Travel friendly:Fleece-lined PC compartmentVentedPadded BackPanel & Adjustable shoulder strapsLuggage strap,₹700,4.3 out of 5 stars
NA,Half Moon 34 L Water Resistant 15.6 inch Laptop Bag/Backpack for Men Women Boys Girls/Office School College with Padded Laptop Compartment (Grey),₹629,3.9 out of 5 stars
NA,Half Moon 34 L Water Resistant 15.6 inch Laptop Bag/Backpack for Men Women Boys Girls/Office School College with Padded Laptop Compartment (Grey),₹629,3.9 out of 5 stars
NA,Genie Lily Laptop Backpack for Women 3 compartments Stylish and Trendy College Bags for Girls Water Resistant and Lightweight Bags for Office and Travelling Purpose.36 litres (19 inch) Black colour,₹1004,4.3 out of 5 stars
NA,Genie Lily Laptop Backpack for Women 3 compartments Stylish and Trendy College Bags for Girls Water Resistant and Lightweight Bags for Office and Travelling Purpose.36 litres (19 inch) Black colour,₹1004,4.3 out of 5 stars
NA,GEAR Black and Orange 49 cms Casual Backpack (BKPCARYON0106),₹184,3.8 out of 5 stars
NA,GEAR Black and Orange 49 cms Casual Backpack (BKPCARYON0106),₹184,3.8 out of 5 stars
NA,TAGPR Cosmetic Bag for Women Travel & Multifunctional Extra Large Cosmetic Bag with Hook for Travel Makeup Organizer Cosmetic Pouch Household Grooming Kit Makeup Bag for Men Women,₹299,4.0 out of 5 stars
NA,TAGPR Cosmetic Bag for Women Travel & Multifunctional Extra Large Cosmetic Bag with Hook for Travel Makeup Organizer Cosmetic Pouch Household Grooming Kit Makeup Bag for Men Women,₹299,4.0 out of 5 stars
NA,ADISA Women's Girls Party Sling Bag Crossbody,₹394,4.0 out of 5 stars
NA,ADISA Women's Girls Party Sling Bag Crossbody,₹394,4.0 out of 5 stars
NA,BucketList ® Anti-Theft Backpack with USB Charging Port 17.5 Inch Laptop Bag pack Waterproof Casual Unisex Bag for School College Office Travel Casual Hiking Fashion Briefcase for Men Women (Black),₹649,2.3 out of 5 stars
NA,BucketList ® Anti-Theft Backpack with USB Charging Port 17.5 Inch Laptop Bag pack Waterproof Casual Unisex Bag for School College Office Travel Casual Hiking Fashion Briefcase for Men Women (Black),₹649,2.3 out of 5 stars
NA,POLESTAR Vintage 15.6 inch 32 LTR Casual Laptop Backpack/Office Bag/School Bag/College Bag/Business Bag/Unisex Backpack Water Resistant and Light Weight 1 year Warranty,₹889.00,3.9 out of 5 stars
NA,POLESTAR Vintage 15.6 inch 32 LTR Casual Laptop Backpack/Office Bag/School Bag/College Bag/Business Bag/Unisex Backpack Water Resistant and Light Weight 1 year Warranty,₹589,3.9 out of 5 stars
NA,POLESTAR Vintage 15.6 inch 32 LTR Casual Laptop Backpack/Office Bag/School Bag/College Bag/Business Bag/Unisex Backpack Water Resistant and Light Weight 1 year Warranty,₹589,3.9 out of 5 stars
NA,Blue Tree Velvet Kids School/Nursery/Picnic/Carry/Travelling Bag - 2 to 5 Age (Yellow_Blue School Bag),₹285,4.1 out of 5 stars
NA,Blue Tree Velvet Kids School/Nursery/Picnic/Carry/Travelling Bag - 2 to 5 Age (Yellow_Blue School Bag),₹285,4.1 out of 5 stars
NA,Safari Large Size 32 Ltrs Casual Backpack-Black,₹1009,4.0 out of 5 stars
NA,Safari Large Size 32 Ltrs Casual Backpack-Black,₹1009,4.0 out of 5 stars
NA,ADISA 15.6 inch laptop backpack office bag college travel back pack 32 Ltrs,₹499,3.9 out of 5 stars
NA,ADISA 15.6 inch laptop backpack office bag college travel back pack 32 Ltrs,₹499,3.9 out of 5 stars
NA,Storite Nylon 25 Cms Small Imported Lightweight Waterproof Duffle Bag Rucksack Travel Bag for Women with Separate Wet Pocket & Shoes Compartment Backpack Carry Luggage Bag - (43 x 25 x 26 CM),₹1099,3.9 out of 5 stars
NA,Storite Nylon 25 Cms Small Imported Lightweight Waterproof Duffle Bag Rucksack Travel Bag for Women with Separate Wet Pocket & Shoes Compartment Backpack Carry Luggage Bag - (43 x 25 x 26 CM),₹1099,3.9 out of 5 stars
NA,AUXTER Faux Leather 23 Cms Duffle Bag(AUX_GB_LE_Black -SE__0521_Black),₹429,4.3 out of 5 stars
NA,AUXTER Faux Leather 23 Cms Duffle Bag(AUX_GB_LE_Black -SE__0521_Black),₹429,4.3 out of 5 stars
NA,ADISA Large laptop backpack office bag college travel back pack with USB,₹499,3.8 out of 5 stars
NA,ADISA Large laptop backpack office bag college travel back pack with USB,₹499,3.8 out of 5 stars
NA,URBAN WOLF 30L Casual Dual Compartment Water Resistant Laptop Backpack Unisex Bags for Office/Travel/Business/College/School (Black),₹799,3.9 out of 5 stars
NA,URBAN WOLF 30L Casual Dual Compartment Water Resistant Laptop Backpack Unisex Bags for Office/Travel/Business/College/School (Black),₹799,3.9 out of 5 stars
NA,Genie Royale Laptop Backpack for Women 3 compartments Water Resistant and Lightweight Bags for Office and Travelling Purpose. 36 litres. (19 inch) Black colour,₹1004,3.8 out of 5 stars
NA,Genie Royale Laptop Backpack for Women 3 compartments Water Resistant and Lightweight Bags for Office and Travelling Purpose. 36 litres. (19 inch) Black colour,₹1004,3.8 out of 5 stars
NA,Wildcraft Turnaround Polyester 35 Ltrs Blue Laptop Bag (8903338054702),₹1748,4.4 out of 5 stars
NA,Wildcraft Turnaround Polyester 35 Ltrs Blue Laptop Bag (8903338054702),₹1748,4.4 out of 5 stars
NA,blue tree Cute Kids Backpack Toddler Bag Plush Animal Cartoon Mini Travel Bag for Baby Girl Boy 1-6 Years Avocado,₹285,4.0 out of 5 stars
NA,blue tree Cute Kids Backpack Toddler Bag Plush Animal Cartoon Mini Travel Bag for Baby Girl Boy 1-6 Years Avocado,₹285,4.0 out of 5 stars
NA,Nivia String Bag/Drawstring Bag/Sports Bag Boys/Polyester String Bag/Kit Bags/Drawstring Sports Bag/Dori Backpack/Gym Bag/String Bag Men Waterproof/Drawstring Backpack (Navy Blue),₹193,4.1 out of 5 stars
NA,Nivia String Bag/Drawstring Bag/Sports Bag Boys/Polyester String Bag/Kit Bags/Drawstring Sports Bag/Dori Backpack/Gym Bag/String Bag Men Waterproof/Drawstring Backpack (Navy Blue),₹193,4.1 out of 5 stars
NA,MI Business Casual 21L Water Resistant Laptop Backpack,₹999,4.4 out of 5 stars
NA,MI Business Casual 21L Water Resistant Laptop Backpack,₹999,4.4 out of 5 stars
NA,Hyper Adam 80L Travel Backpack for Outdoor Sport Camp Hiking Trekking Bag Camping Rucksack,₹1614,4.1 out of 5 stars
NA,Hyper Adam 80L Travel Backpack for Outdoor Sport Camp Hiking Trekking Bag Camping Rucksack,₹1614,4.1 out of 5 stars
NA,Tabelito® Basic Laptop Bag Laptop Cover Laptop Bags Laptop Sleeve Office Bag Laptop Bag 15.6 inch(39.6cm) Laptop Apple/Lenovo/Asus/Hp/MacBook/Thinkpad/Ideapad (Grey),₹299,4.1 out of 5 stars
NA,Tabelito® Basic Laptop Bag Laptop Cover Laptop Bags Laptop Sleeve Office Bag Laptop Bag 15.6 inch(39.6cm) Laptop Apple/Lenovo/Asus/Hp/MacBook/Thinkpad/Ideapad (Grey),₹299,4.1 out of 5 stars
NA,Gear Clubsport 26 Ltrs Faux-Leather Water Resistant Travel Duffle Bag/Gym Bag for Men/Women - Black Red,₹699,4.2 out of 5 stars
NA,Gear Clubsport 26 Ltrs Faux-Leather Water Resistant Travel Duffle Bag/Gym Bag for Men/Women - Black Red,₹699,4.2 out of 5 stars
NA,Ant Esports Knight Cobra 20 Large 38L Stylish unisex backpack with Earphone/Headphone Port with rain protection cover and reflective strip fits upto 17" Laptop- Dynamic Blue,₹889.00,4.5 out of 5 stars
NA,Ant Esports Knight Cobra 20 Large 38L Stylish unisex backpack with Earphone/Headphone Port with rain protection cover and reflective strip fits upto 17" Laptop- Dynamic Blue,₹599,4.5 out of 5 stars
NA,Ant Esports Knight Cobra 20 Large 38L Stylish unisex backpack with Earphone/Headphone Port with rain protection cover and reflective strip fits upto 17" Laptop- Dynamic Blue,₹599,4.5 out of 5 stars
NA,American Tourister RON Laptop Backpack 01 BLACK,₹1999,3.7 out of 5 stars
NA,American Tourister RON Laptop Backpack 01 BLACK,₹1999,3.7 out of 5 stars
NA,Amazon Basics Opel 15.6-Inch Laptop Backpack for Office or College (20 L Black),₹639,4.2 out of 5 stars
NA,Amazon Basics Opel 15.6-Inch Laptop Backpack for Office or College (20 L Black),₹639,4.2 out of 5 stars
NA,DIVULGE Multi Utility Drawstring Bag (Black  16 L),₹145,4.0 out of 5 stars
NA,DIVULGE Multi Utility Drawstring Bag (Black  16 L),₹145,4.0 out of 5 stars
NA,TABELITO Casual Laptop Backpack 15.6-inch 25 LTR Water Repellent,₹548,4.1 out of 5 stars
NA,TABELITO Casual Laptop Backpack 15.6-inch 25 LTR Water Repellent,₹548,4.1 out of 5 stars
NA,Arctic Fox Slope Anti Theft 23 L Backpack with USB Charging Port 15 Inch Laptop Backpack (Marble Black),₹1439,4.5 out of 5 stars
NA,Arctic Fox Slope Anti Theft 23 L Backpack with USB Charging Port 15 Inch Laptop Backpack (Marble Black),₹1439,4.5 out of 5 stars
NA,Safari Omega 30L Laptop Backpack with Raincover school bag for boys and girls college bag office bag travel bag for men and women Teal,₹903,4.4 out of 5 stars
NA,Safari Omega 30L Laptop Backpack with Raincover school bag for boys and girls college bag office bag travel bag for men and women Teal,₹903,4.4 out of 5 stars
NA,American Tourister Spin 49 cms Navy Laptop Backpack,₹1699,4.1 out of 5 stars
NA,American Tourister Spin 49 cms Navy Laptop Backpack,₹1699,4.1 out of 5 stars
NA,FUR JADEN 40L Weekender Travel Laptop Backpack with Anti Theft Pocket Organizer 15.6 Inch Padded Laptop Sleeve and Dual Handles,₹1229,4.3 out of 5 stars
NA,FUR JADEN 40L Weekender Travel Laptop Backpack with Anti Theft Pocket Organizer 15.6 Inch Padded Laptop Sleeve and Dual Handles,₹1229,4.3 out of 5 stars
NA,HYDER Peak Black 35L Unisex Multi-functional Laptop Bag/Backpack for Men and Women - Perfect Bags for College School and Business Travel with Padded Sleeve For Laptops Protection,₹780,NA
NA,HYDER Peak Black 35L Unisex Multi-functional Laptop Bag/Backpack for Men and Women - Perfect Bags for College School and Business Travel with Padded Sleeve For Laptops Protection,₹780,NA
NA,Martucci 16 inch 36L Casual Waterproof Backpack/Office Bag/School Bag/College Bag/Business Bag/Unisex Travel Backpack,₹599,3.8 out of 5 stars
NA,Martucci 16 inch 36L Casual Waterproof Backpack/Office Bag/School Bag/College Bag/Business Bag/Unisex Travel Backpack,₹599,3.8 out of 5 stars
NA,Storite Nylon 46 Cm Multi Purpose Travel Duffle Bag for Women with Dry and Wet Separate Pocket Lightweight Waterproof Backpack Carry Luggage Bag with Shoe Compartment (GreenPink 46x23x25 cm),₹1399,4.2 out of 5 stars
NA,Storite Nylon 46 Cm Multi Purpose Travel Duffle Bag for Women with Dry and Wet Separate Pocket Lightweight Waterproof Backpack Carry Luggage Bag with Shoe Compartment (GreenPink 46x23x25 cm),₹1399,4.2 out of 5 stars
NA,MY FAV Printed Personalised Bag Backpack Rakhi Gift for Sister Brother Customized Casual School College Sports Laptop Backpack for Men Women Outdoor Travel Lightweight Bag,₹999,4.5 out of 5 stars
NA,MY FAV Printed Personalised Bag Backpack Rakhi Gift for Sister Brother Customized Casual School College Sports Laptop Backpack for Men Women Outdoor Travel Lightweight Bag,₹999,4.5 out of 5 stars
NA,Martucci 15.6 inch 30 L Casual Waterproof Laptop Backpack/Office Bag/School Bag/College Bag/Business Bag/Unisex Travel Backpack(Black),₹549,3.9 out of 5 stars
NA,Martucci 15.6 inch 30 L Casual Waterproof Laptop Backpack/Office Bag/School Bag/College Bag/Business Bag/Unisex Travel Backpack(Black),₹549,3.9 out of 5 stars
NA,Half Moon 55 litres Travelling Laptop Bag/Rucksack Backpack for Luggage Travel Journey Trekking Hiking Bags for Men Women Boys and Girls with Laptop Compartment & Rain Cover,₹979,4.0 out of 5 stars
NA,Half Moon 55 litres Travelling Laptop Bag/Rucksack Backpack for Luggage Travel Journey Trekking Hiking Bags for Men Women Boys and Girls with Laptop Compartment & Rain Cover,₹979,4.0 out of 5 stars
NA,ROZEN 47 Ltrs 46 cms School Bag Class 5-12 Large 5 partition Laptop Collage Office Travel Backpack Unisex,₹697,4.0 out of 5 stars
NA,ROZEN 47 Ltrs 46 cms School Bag Class 5-12 Large 5 partition Laptop Collage Office Travel Backpack Unisex,₹697,4.0 out of 5 stars
NA,Genie Swirl Laptop Backpack for Women 3 compartments Water Resistant and Lightweight Bags for Office and Travelling Purpose. 36 litres. (19 inch). Tie-dye print,₹889.00,4.3 out of 5 stars
NA,Genie Swirl Laptop Backpack for Women 3 compartments Water Resistant and Lightweight Bags for Office and Travelling Purpose. 36 litres. (19 inch). Tie-dye print,₹1004,4.3 out of 5 stars
NA,Genie Swirl Laptop Backpack for Women 3 compartments Water Resistant and Lightweight Bags for Office and Travelling Purpose. 36 litres. (19 inch). Tie-dye print,₹1004,4.3 out of 5 stars
NA,Amazon Basics Opel 15.6-Inch Laptop Backpack for Office or College (20 L Black),₹639,4.2 out of 5 stars
NA,Amazon Basics Opel 15.6-Inch Laptop Backpack for Office or College (20 L Black),₹639,4.2 out of 5 stars
NA,Golden Wolf Backpack for Men 35L Expandable Travel Backpack Anti-theft 17.3-inch Laptop Bag with Lock Water-resistant Convertible Backpack with USB Port Travel Business College Backpack for Men and Women Black,₹2754,4.4 out of 5 stars
NA,Golden Wolf Backpack for Men 35L Expandable Travel Backpack Anti-theft 17.3-inch Laptop Bag with Lock Water-resistant Convertible Backpack with USB Port Travel Business College Backpack for Men and Women Black,₹2754,4.4 out of 5 stars
NA,Arctic Fox Slope Anti Theft 23 L Backpack with USB Charging Port 15 Inch Laptop Backpack (Marble Black),₹1439,4.5 out of 5 stars
NA,Arctic Fox Slope Anti Theft 23 L Backpack with USB Charging Port 15 Inch Laptop Backpack (Marble Black),₹1439,4.5 out of 5 stars
NA,HYDER Peak Black 35L Unisex Multi-functional Laptop Bag/Backpack for Men and Women - Perfect Bags for College School and Business Travel with Padded Sleeve For Laptops Protection,₹780,NA
NA,HYDER Peak Black 35L Unisex Multi-functional Laptop Bag/Backpack for Men and Women - Perfect Bags for College School and Business Travel with Padded Sleeve For Laptops Protection,₹780,NA
NA,Lenovo Everyday Laptop Backpack B515 15.6-inch Water Repellent Black,₹1449,4.1 out of 5 stars
NA,Lenovo Everyday Laptop Backpack B515 15.6-inch Water Repellent Black,₹1449,4.1 out of 5 stars
NA,MY FAV Printed Personalised Bag Backpack Rakhi Gift for Sister Brother Customized Casual School College Sports Laptop Backpack for Men Women Outdoor Travel Lightweight Bag,₹999,4.5 out of 5 stars
NA,MY FAV Printed Personalised Bag Backpack Rakhi Gift for Sister Brother Customized Casual School College Sports Laptop Backpack for Men Women Outdoor Travel Lightweight Bag,₹999,4.5 out of 5 stars
NA,Safari Seek 32 Ltrs Large Overnighter Travel Laptop Backpack Water Resistant Spacious Bag for Travelling and Camping All-Purpose Bag for Business & Leisure- Black,₹1959,4.4 out of 5 stars
NA,Safari Seek 32 Ltrs Large Overnighter Travel Laptop Backpack Water Resistant Spacious Bag for Travelling and Camping All-Purpose Bag for Business & Leisure- Black,₹1959,4.4 out of 5 stars
NA,Half Moon 55 litres Travelling Laptop Bag/Rucksack Backpack for Luggage Travel Journey Trekking Hiking Bags for Men Women Boys and Girls with Laptop Compartment & Rain Cover,₹979,4.0 out of 5 stars
NA,Half Moon 55 litres Travelling Laptop Bag/Rucksack Backpack for Luggage Travel Journey Trekking Hiking Bags for Men Women Boys and Girls with Laptop Compartment & Rain Cover,₹979,4.0 out of 5 stars
NA,EXOTIC Latest Cross Body Sling Bag for Girls/Women,₹459,4.3 out of 5 stars
NA,EXOTIC Latest Cross Body Sling Bag for Girls/Women,₹459,4.3 out of 5 stars
NA,Safari Crew Overnighter Backpack 40 Ltr Water Resistant Travel Laptop Bag Black Polyester Backpack for Men and Women Spacious Shoulder Bag for Travelling and Camping,₹1709,4.3 out of 5 stars
NA,Safari Crew Overnighter Backpack 40 Ltr Water Resistant Travel Laptop Bag Black Polyester Backpack for Men and Women Spacious Shoulder Bag for Travelling and Camping,₹1709,4.3 out of 5 stars
NA,Amazon Basics Slope 15.6-Inch Laptop Backpack for Office or College Anti-Theft Design (23 L Black),₹869,4.3 out of 5 stars
NA,Amazon Basics Slope 15.6-Inch Laptop Backpack for Office or College Anti-Theft Design (23 L Black),₹869,4.3 out of 5 stars
NA,F Gear Hamilton 17 Liters Laptop Bag (Black),₹834,3.9 out of 5 stars
NA,F Gear Hamilton 17 Liters Laptop Bag (Black),₹834,3.9 out of 5 stars
NA,Stylbase Waterproof Lightweight Laptop Bag with 20L Capacity and 3 Compartments - Ideal for Travel Office and School Use - Unisex Design,₹499,4.1 out of 5 stars
NA,Stylbase Waterproof Lightweight Laptop Bag with 20L Capacity and 3 Compartments - Ideal for Travel Office and School Use - Unisex Design,₹499,4.1 out of 5 stars
NA,Skybags Cardiff Polyester 52 Cms Wheel Travel Duffle Bag (Red),₹1707,4.2 out of 5 stars
NA,Skybags Cardiff Polyester 52 Cms Wheel Travel Duffle Bag (Red),₹1707,4.2 out of 5 stars
NA,LOOKMUSTER Casual Waterproof Laptop Backpack/Office Bag/School Bag/College Bag/Business Bag/Travel Backpack…,₹613,3.8 out of 5 stars
NA,LOOKMUSTER Casual Waterproof Laptop Backpack/Office Bag/School Bag/College Bag/Business Bag/Travel Backpack…,₹613,3.8 out of 5 stars
NA,Martucci 16 inch 36L Casual Waterproof Backpack/Office Bag/School Bag/College Bag/Business Bag/Unisex Travel Backpack,₹889.00,3.8 out of 5 stars
NA,Martucci 16 inch 36L Casual Waterproof Backpack/Office Bag/School Bag/College Bag/Business Bag/Unisex Travel Backpack,₹599,3.8 out of 5 stars
NA,Martucci 16 inch 36L Casual Waterproof Backpack/Office Bag/School Bag/College Bag/Business Bag/Unisex Travel Backpack,₹599,3.8 out of 5 stars
NA,Kuber Industries Rexine Lightweight Travel Toiletry Bag Shaving Kit with Carrying Strap (Grey) 54KM4283,₹198,4.2 out of 5 stars
NA,Kuber Industries Rexine Lightweight Travel Toiletry Bag Shaving Kit with Carrying Strap (Grey) 54KM4283,₹198,4.2 out of 5 stars
NA,F Gear Circadian Guc 27 Ltrs Casual Backpack,₹799,4.2 out of 5 stars
NA,F Gear Circadian Guc 27 Ltrs Casual Backpack,₹799,4.2 out of 5 stars
NA,American Tourister BOUNCE CASUAL BACKPACK 28L POLYESTER BLACK,₹999,4.0 out of 5 stars
NA,American Tourister BOUNCE CASUAL BACKPACK 28L POLYESTER BLACK,₹999,4.0 out of 5 stars
NA,F Gear Defender 41 Ltrs Navy Blue Pink Casual Backpack (2504),₹1249,4.3 out of 5 stars
NA,F Gear Defender 41 Ltrs Navy Blue Pink Casual Backpack (2504),₹1249,4.3 out of 5 stars
NA,Lavie Women's Moritz Dome Textured Sling Bag | Ladies Purse Handbag,₹919,4.0 out of 5 stars
NA,Lavie Women's Moritz Dome Textured Sling Bag | Ladies Purse Handbag,₹919,4.0 out of 5 stars
NA,Fur Jaden 20 Ltrs (40 Cms)Camera Backpack(Bm41_Black_Black),₹1099,3.9 out of 5 stars
NA,Fur Jaden 20 Ltrs (40 Cms)Camera Backpack(Bm41_Black_Black),₹1099,3.9 out of 5 stars
NA,FATMUG Polyester Foldable Duffle Travel Bag Luggage For Travel Packing And Storage - Men And Women - (60 L Black),₹1099,4.2 out of 5 stars
NA,FATMUG Polyester Foldable Duffle Travel Bag Luggage For Travel Packing And Storage - Men And Women - (60 L Black),₹1099,4.2 out of 5 stars
NA,Bennett 15.6 inch Laptop Bag Men/Women 25 L Water Resistant School/College Backpack with Padded Laptop Compartment for Dell/Lenovo/Asus/Hp/MacBook/Ultrabook/Thinkpad/IdeaPad (Blue),₹512,3.9 out of 5 stars
NA,Bennett 15.6 inch Laptop Bag Men/Women 25 L Water Resistant School/College Backpack with Padded Laptop Compartment for Dell/Lenovo/Asus/Hp/MacBook/Ultrabook/Thinkpad/IdeaPad (Blue),₹512,3.9 out of 5 stars
NA,Half Moon 35 L Casual Waterproof Laptop Bag/Backpack for Men Women Boys Girls/Office School College Teens & Students with Rain Cover (18 Inch) (Sky Blue),₹699,3.6 out of 5 stars
NA,Half Moon 35 L Casual Waterproof Laptop Bag/Backpack for Men Women Boys Girls/Office School College Teens & Students with Rain Cover (18 Inch) (Sky Blue),₹699,3.6 out of 5 stars
NA,Wildcraft Shutter Bug Camera Backpack - Black,₹3350,4.5 out of 5 stars
NA,Wildcraft Shutter Bug Camera Backpack - Black,₹3350,4.5 out of 5 stars
NA,Red Lemon Mens Sling BagMens Shoulder BagCrossbody Bag for MenChest BagDaypackShockproof Compartment for iPadSuitable for CollegeOutdoor Travels and Business for Daily Use (Black),₹1299,4.6 out of 5 stars
NA,Red Lemon Mens Sling BagMens Shoulder BagCrossbody Bag for MenChest BagDaypackShockproof Compartment for iPadSuitable for CollegeOutdoor Travels and Business for Daily Use (Black),₹1299,4.6 out of 5 stars
NA,Skybags BOHO WITH RAIN COVER BLUE CASUAL BACKPACK 23L,₹1599,4.3 out of 5 stars
NA,Skybags BOHO WITH RAIN COVER BLUE CASUAL BACKPACK 23L,₹1599,4.3 out of 5 stars
NA,Safari Polyester 24 Cms Travel Bag(KRYPTON17DFBLU_Blue),₹517.49,3.7 out of 5 stars
NA,Safari Polyester 24 Cms Travel Bag(KRYPTON17DFBLU_Blue),₹517.49,3.7 out of 5 stars
NA,Ant Esports Knight Cobra 20 Large 38L Stylish unisex backpack with Earphone/Headphone Port with rain protection cover and reflective strip fits upto 17" Laptop- Dynamic Blue,₹599,4.5 out of 5 stars
NA,Ant Esports Knight Cobra 20 Large 38L Stylish unisex backpack with Earphone/Headphone Port with rain protection cover and reflective strip fits upto 17" Laptop- Dynamic Blue,₹599,4.5 out of 5 stars
NA,Blue Tree Kid's School Bagpack 3-5 Years 11 litres Cartoons Soft Toy Bag Gift for Kids (Spider red),₹285,3.9 out of 5 stars
NA,Blue Tree Kid's School Bagpack 3-5 Years 11 litres Cartoons Soft Toy Bag Gift for Kids (Spider red),₹285,3.9 out of 5 stars
NA,Storite PU Leather 14 inch Laptop Messenger Organizer Bag/Shoulder Sling Office Bag for Men & Women – (37x 27x7 cm DarkBrown),₹889.00,4.3 out of 5 stars
NA,Storite PU Leather 14 inch Laptop Messenger Organizer Bag/Shoulder Sling Office Bag for Men & Women – (37x 27x7 cm DarkBrown),₹899,4.3 out of 5 stars
NA,Storite PU Leather 14 inch Laptop Messenger Organizer Bag/Shoulder Sling Office Bag for Men & Women – (37x 27x7 cm DarkBrown),₹899,4.3 out of 5 stars
NA,FATMUG Foldable Duffel Luggage Bag for Travel Packing and Storage - Men and Women - 45 L Black,₹999,4.3 out of 5 stars
NA,FATMUG Foldable Duffel Luggage Bag for Travel Packing and Storage - Men and Women - 45 L Black,₹999,4.3 out of 5 stars
NA,Tabelito® NEXA 3O L Water Resistant Laptop/College/Office/School/Travel/Business Bag Unisex Backpack for Men Women Fits Up to 15.6 Inch Laptop Notebook. (GREY),₹399,4.1 out of 5 stars
NA,Tabelito® NEXA 3O L Water Resistant Laptop/College/Office/School/Travel/Business Bag Unisex Backpack for Men Women Fits Up to 15.6 Inch Laptop Notebook. (GREY),₹399,4.1 out of 5 stars
NA,Lavie Women's Denali Emboss Sling Bag | Ladies Purse Handbag,₹899,4.1 out of 5 stars
NA,Lavie Women's Denali Emboss Sling Bag | Ladies Purse Handbag,₹899,4.1 out of 5 stars
NA,Gear DOUBLE DECKER 31L Water Resistant Laptop Bag/Backpack/Office Bag for Men/Women (Navy-Tan),₹1087,3.6 out of 5 stars
NA,Gear DOUBLE DECKER 31L Water Resistant Laptop Bag/Backpack/Office Bag for Men/Women (Navy-Tan),₹1087,3.6 out of 5 stars
NA,MY FAV Water Resistant Polyester Backpack for Men/Women Travel Business College with Smooth Runner Zipper and Lightweight Casual Bag (11.5 Liter),₹249,3.0 out of 5 stars
NA,MY FAV Water Resistant Polyester Backpack for Men/Women Travel Business College with Smooth Runner Zipper and Lightweight Casual Bag (11.5 Liter),₹249,3.0 out of 5 stars
NA,MI Business Casual 21L Water Resistant Laptop Backpack,₹999,4.4 out of 5 stars
NA,MI Business Casual 21L Water Resistant Laptop Backpack,₹999,4.4 out of 5 stars
NA,Half Moon Aztec 37L School Bag Class 5-12 | College Bagpack for Men/College Back pack for Women | 15.6 inch Laptop Bag for Men/Backpack for Men | Spacious & Multiple Pockets,₹649,3.6 out of 5 stars
NA,Half Moon Aztec 37L School Bag Class 5-12 | College Bagpack for Men/College Back pack for Women | 15.6 inch Laptop Bag for Men/Backpack for Men | Spacious & Multiple Pockets,₹649,3.6 out of 5 stars
NA,ADISA SL5038 women girls sling bag,₹590,4.1 out of 5 stars
NA,ADISA SL5038 women girls sling bag,₹590,4.1 out of 5 stars
NA,Storite Small Size Army Print Padded Nylon Cross Body Sling bag Office Travel One Side Bag for Men Women (25x19x7cm GreenGrey),₹395,4.1 out of 5 stars
NA,Storite Small Size Army Print Padded Nylon Cross Body Sling bag Office Travel One Side Bag for Men Women (25x19x7cm GreenGrey),₹395,4.1 out of 5 stars
NA,Wildcraft Turnaround Polyester 35 Ltrs Blue Laptop Bag (8903338054702),₹1748,4.4 out of 5 stars
NA,Wildcraft Turnaround Polyester 35 Ltrs Blue Laptop Bag (8903338054702),₹1748,4.4 out of 5 stars
NA,Wildcraft Wiki 2 Jacquard Backpack Blue (11951 Blue),₹1202,4.3 out of 5 stars
NA,Wildcraft Wiki 2 Jacquard Backpack Blue (11951 Blue),₹1202,4.3 out of 5 stars
NA,F Gear Repel 30 ltrs Rain and Dust Cover for Laptop Bags and Backpacks,₹250,4.1 out of 5 stars
NA,F Gear Repel 30 ltrs Rain and Dust Cover for Laptop Bags and Backpacks,₹250,4.1 out of 5 stars
NA,URBAN WOLF 30L Casual Dual Compartment Water Resistant Laptop Backpack Unisex Bags for Office/Travel/Business/College/School (Black),₹799,3.9 out of 5 stars
NA,URBAN WOLF 30L Casual Dual Compartment Water Resistant Laptop Backpack Unisex Bags for Office/Travel/Business/College/School (Black),₹799,3.9 out of 5 stars
NA,F Gear Hunter 75 Ltrs Rucksack (Black Grey Diamond),₹1436,4.2 out of 5 stars
NA,F Gear Hunter 75 Ltrs Rucksack (Black Grey Diamond),₹1436,4.2 out of 5 stars
NA,high power Laptop Bag College office school bags Backpacks for Boys Girls Stylish men and women Casual Traveling Light weight (Black) 30 LTR,₹625,3.1 out of 5 stars
NA,high power Laptop Bag College office school bags Backpacks for Boys Girls Stylish men and women Casual Traveling Light weight (Black) 30 LTR,₹625,3.1 out of 5 stars
NA,Black Mirror Men Messenger Bags,₹2399,4.0 out of 5 stars
NA,Black Mirror Men Messenger Bags,₹2399,4.0 out of 5 stars
NA,Black Mirror Men Messenger Bags,₹2399,4.0 out of 5 stars
NA,Genie Flamenco Laptop Backpack for Women 16 inches Office Bag Sky Blue Stylish and Trendy Bag for Office and College,₹889.00,4.4 out of 5 stars
NA,Genie Flamenco Laptop Backpack for Women 16 inches Office Bag Sky Blue Stylish and Trendy Bag for Office and College,₹803,4.4 out of 5 stars
NA,Genie Flamenco Laptop Backpack for Women 16 inches Office Bag Sky Blue Stylish and Trendy Bag for Office and College,₹803,4.4 out of 5 stars
NA,American Tourister Polyester 30 Litres Black laptop Backpack,₹1685,3.5 out of 5 stars
NA,American Tourister Polyester 30 Litres Black laptop Backpack,₹1685,3.5 out of 5 stars
NA,Gear Workspace 18L Water Resistant Laptop Bag/Backpack/Office Bag for Men/Women-Black,₹907,4.2 out of 5 stars
NA,Gear Workspace 18L Water Resistant Laptop Bag/Backpack/Office Bag for Men/Women-Black,₹907,4.2 out of 5 stars
NA,FUR JADEN Anti Theft Number Lock Backpack Bag with 15.6 Inch Laptop Compartment USB Charging Port & Organizer Pocket for Men Women Boys Girls,₹679,4.0 out of 5 stars
NA,FUR JADEN Anti Theft Number Lock Backpack Bag with 15.6 Inch Laptop Compartment USB Charging Port & Organizer Pocket for Men Women Boys Girls,₹679,4.0 out of 5 stars
NA,American Tourister Nylon 65 cms Blue Travel Duffle (40X (0) 01 009),₹2099,4.3 out of 5 stars
NA,American Tourister Nylon 65 cms Blue Travel Duffle (40X (0) 01 009),₹2099,4.3 out of 5 stars
NA,Lavie Sport Astro Anti-Theft Casual Backpack with Laptop Sleeve | Business Bag for Men & Women | Durable Office Bag for Notebook/MacBook,₹1249,4.1 out of 5 stars
NA,Lavie Sport Astro Anti-Theft Casual Backpack with Laptop Sleeve | Business Bag for Men & Women | Durable Office Bag for Notebook/MacBook,₹1249,4.1 out of 5 stars
NA,Red Lemon Unisex-adult Bange Series Rhombus Shell Design Waterproof Sling Bag with USB Charging (Blue),₹1899,4.2 out of 5 stars
NA,Red Lemon Unisex-adult Bange Series Rhombus Shell Design Waterproof Sling Bag with USB Charging (Blue),₹1899,4.2 out of 5 stars
NA,Skybags CAMPUS GREY LOGO PRINT COLLEGE LAPTOP BACKPACK 30L,₹2198,4.2 out of 5 stars
NA,Skybags CAMPUS GREY LOGO PRINT COLLEGE LAPTOP BACKPACK 30L,₹2198,4.2 out of 5 stars
NA,HP Lightweight 100 Laptop Backpack with Elastic and Padded Shoulder Straps (Gray),₹1090,4.0 out of 5 stars
NA,HP Lightweight 100 Laptop Backpack with Elastic and Padded Shoulder Straps (Gray),₹1090,4.0 out of 5 stars
NA,Safari Crew Overnighter Backpack 40 Ltr Water Resistant Travel Laptop Bag Black Polyester Backpack for Men and Women Spacious Shoulder Bag for Travelling and Camping,₹1709,4.3 out of 5 stars
NA,Safari Crew Overnighter Backpack 40 Ltr Water Resistant Travel Laptop Bag Black Polyester Backpack for Men and Women Spacious Shoulder Bag for Travelling and Camping,₹1709,4.3 out of 5 stars
NA,SACCI MUCCI Women's Rainbow Sling Bag Handmade Bags for Females - 100% Vegan Leather and Coated Duck canvas Fabric Lightweight and Durable,₹499,4.2 out of 5 stars
NA,SACCI MUCCI Women's Rainbow Sling Bag Handmade Bags for Females - 100% Vegan Leather and Coated Duck canvas Fabric Lightweight and Durable,₹499,4.2 out of 5 stars
NA,Wildcraft Laptop Backpack Pacto 4.0 Plus (Black Grey),₹3495,3.0 out of 5 stars
NA,Wildcraft Laptop Backpack Pacto 4.0 Plus (Black Grey),₹3495,3.0 out of 5 stars
NA,WILDHORN Laptop Backpack for Men/Women I Waterproof I Travel/Business/College Bookbags Fit 15.6 Inch Laptop,₹764,4.0 out of 5 stars
NA,WILDHORN Laptop Backpack for Men/Women I Waterproof I Travel/Business/College Bookbags Fit 15.6 Inch Laptop,₹764,4.0 out of 5 stars
NA,CAPRIFF 32 L Casual Waterproof Laptop Bag/Backpack for Men Boys & Girls For Office School College Teens & Students with Rain Cover With adjustable Strap With 2 Compartment,₹699,3.8 out of 5 stars
NA,CAPRIFF 32 L Casual Waterproof Laptop Bag/Backpack for Men Boys & Girls For Office School College Teens & Students with Rain Cover With adjustable Strap With 2 Compartment,₹699,3.8 out of 5 stars
NA,F Gear CEO Black 25 liter Laptop Backpack,₹1131,4.4 out of 5 stars
NA,F Gear CEO Black 25 liter Laptop Backpack,₹1131,4.4 out of 5 stars
NA,Arctic Fox Kobra Gamer Laptop Backpack (Black),₹1997,4.5 out of 5 stars
NA,Arctic Fox Kobra Gamer Laptop Backpack (Black),₹1997,4.5 out of 5 stars
NA,Storite Small Size Army Print Padded Nylon Cross Body Sling bag Office Travel One Side Bag for Men Women (25x19x7cm GreenGrey),₹889.00,4.1 out of 5 stars
NA,Storite Small Size Army Print Padded Nylon Cross Body Sling bag Office Travel One Side Bag for Men Women (25x19x7cm GreenGrey),₹395,4.1 out of 5 stars
NA,Storite Small Size Army Print Padded Nylon Cross Body Sling bag Office Travel One Side Bag for Men Women (25x19x7cm GreenGrey),₹395,4.1 out of 5 stars
NA,HAMMONDS FLYCATCHER Genuine Leather Laptop Bag for Men/Office Bag for Men Brown | Fits Upto 16 Inch Laptop/MacBook | Leather Bag with Shoulder Straps | Laptop Messenger Bag/Leather Bag for Men,₹3059,4.4 out of 5 stars
NA,HAMMONDS FLYCATCHER Genuine Leather Laptop Bag for Men/Office Bag for Men Brown | Fits Upto 16 Inch Laptop/MacBook | Leather Bag with Shoulder Straps | Laptop Messenger Bag/Leather Bag for Men,₹3059,4.4 out of 5 stars
NA,Wildcraft 44 cms Polyester Black Laptop Bag (8903338054290),₹1629,4.3 out of 5 stars
NA,Wildcraft 44 cms Polyester Black Laptop Bag (8903338054290),₹1629,4.3 out of 5 stars
NA,Red Lemon Mens Sling BagMens Shoulder BagCrossbody Bag for MenChest BagDaypackShockproof Compartment for iPadSuitable for CollegeOutdoor Travels and Business for Daily Use (Black),₹1299,4.6 out of 5 stars
NA,Red Lemon Mens Sling BagMens Shoulder BagCrossbody Bag for MenChest BagDaypackShockproof Compartment for iPadSuitable for CollegeOutdoor Travels and Business for Daily Use (Black),₹1299,4.6 out of 5 stars
NA,Pop It Bag Unicorn Shape Sling Bag Crossbody Bag for Kids Pop It Bag for Girls Pop It Fidget Toy Shoulder Bag Fidget Purse for Kids Stress Relief Toys Multicolor Random Collection,₹129,3.6 out of 5 stars
NA,Pop It Bag Unicorn Shape Sling Bag Crossbody Bag for Kids Pop It Bag for Girls Pop It Fidget Toy Shoulder Bag Fidget Purse for Kids Stress Relief Toys Multicolor Random Collection,₹129,3.6 out of 5 stars
NA,SACCI MUCCI Women's Rainbow Sling Bag Handmade Bags for Females - 100% Vegan Leather and Coated Duck canvas Fabric Lightweight and Durable,₹499,4.2 out of 5 stars
NA,SACCI MUCCI Women's Rainbow Sling Bag Handmade Bags for Females - 100% Vegan Leather and Coated Duck canvas Fabric Lightweight and Durable,₹499,4.2 out of 5 stars
NA,Wildcraft 29 Ltrs Red Casual Backpack (11650-Red),₹963,4.1 out of 5 stars
NA,Wildcraft 29 Ltrs Red Casual Backpack (11650-Red),₹963,4.1 out of 5 stars
NA,HP Lightweight 100 Laptop Backpack with Elastic and Padded Shoulder Straps (Gray),₹1090,4.0 out of 5 stars
NA,HP Lightweight 100 Laptop Backpack with Elastic and Padded Shoulder Straps (Gray),₹1090,4.0 out of 5 stars
NA,Wooum Sling Cross Body Travel Office Business Messenger One Side Shoulder Pouch Bag Money Bag for Men and Women,₹349,4.2 out of 5 stars
NA,Wooum Sling Cross Body Travel Office Business Messenger One Side Shoulder Pouch Bag Money Bag for Men and Women,₹349,4.2 out of 5 stars
NA,Storite PU Leather 14 inch Laptop Messenger Organizer Bag/Shoulder Sling Office Bag for Men & Women – (37x 27x7 cm DarkBrown),₹899,4.3 out of 5 stars
NA,Storite PU Leather 14 inch Laptop Messenger Organizer Bag/Shoulder Sling Office Bag for Men & Women – (37x 27x7 cm DarkBrown),₹899,4.3 out of 5 stars
NA,Tinytot School Bag,₹787,3.9 out of 5 stars
NA,Tinytot School Bag,₹787,3.9 out of 5 stars
NA,Arctic Hunter Backpack 35L Laptop Bag for Office Travel Business Backpack for Men Fit Up to 17.3-inch Laptop Water-resistant Anti-theft Backpack with USB Port Multi-Layer Large Capacity Expandable Bag for Men and Women Black,₹3514,4.5 out of 5 stars
NA,Arctic Hunter Backpack 35L Laptop Bag for Office Travel Business Backpack for Men Fit Up to 17.3-inch Laptop Water-resistant Anti-theft Backpack with USB Port Multi-Layer Large Capacity Expandable Bag for Men and Women Black,₹3514,4.5 out of 5 stars
NA,ZOUK Black Floral Printed Handmade Vegan Leather Women's Office Bag for 15.6 inch Laptop with double handles - FloMotif,₹1699,4.3 out of 5 stars
NA,ZOUK Black Floral Printed Handmade Vegan Leather Women's Office Bag for 15.6 inch Laptop with double handles - FloMotif,₹1699,4.3 out of 5 stars
NA,uppercase Laptop Backpack Printed Compact 3x more water repellent sustainable bags with rain proof zippers for Men Women Boys & Girls 750 Days warranty (Blue),₹1350,4.1 out of 5 stars
NA,uppercase Laptop Backpack Printed Compact 3x more water repellent sustainable bags with rain proof zippers for Men Women Boys & Girls 750 Days warranty (Blue),₹1350,4.1 out of 5 stars
NA,Lavie Sport Astro Anti-Theft Casual Backpack with Laptop Sleeve | Business Bag for Men & Women | Durable Office Bag for Notebook/MacBook,₹999.20,4.1 out of 5 stars
NA,Lavie Sport Astro Anti-Theft Casual Backpack with Laptop Sleeve | Business Bag for Men & Women | Durable Office Bag for Notebook/MacBook,₹999.20,4.1 out of 5 stars
NA,CROSS EFFECT Laptop Bag For Office and College upto 16 inch with USB Charging Port for Men and Women,₹599,3.7 out of 5 stars
NA,CROSS EFFECT Laptop Bag For Office and College upto 16 inch with USB Charging Port for Men and Women,₹599,3.7 out of 5 stars
NA,Black Mirror Men Messenger Bags,₹2399,4.0 out of 5 stars
NA,Black Mirror Men Messenger Bags,₹2399,4.0 out of 5 stars
NA,Black Mirror Men Messenger Bags,₹2399,4.0 out of 5 stars
NA,uppercase Laptop Backpack Printed Compact 3x more water repellent sustainable bags with rain proof zippers for Men Women Boys & Girls 750 Days warranty (Blue),₹889.00,4.1 out of 5 stars
NA,uppercase Laptop Backpack Printed Compact 3x more water repellent sustainable bags with rain proof zippers for Men Women Boys & Girls 750 Days warranty (Blue),₹1350,4.1 out of 5 stars
NA,uppercase Laptop Backpack Printed Compact 3x more water repellent sustainable bags with rain proof zippers for Men Women Boys & Girls 750 Days warranty (Blue),₹1350,4.1 out of 5 stars
NA,TRUE HUMAN® Emperor Anti-Theft backpack with combination lock Laptop bagoffice bag for Men and Women | College Bags for Girls & Boys (Zyden),₹675,3.7 out of 5 stars
NA,TRUE HUMAN® Emperor Anti-Theft backpack with combination lock Laptop bagoffice bag for Men and Women | College Bags for Girls & Boys (Zyden),₹675,3.7 out of 5 stars
NA,ALMOSTHERE® 1 Pcs Pop it Fidget Unicorn Sling Bag with Adjustable Sling Zipper Closer Silicone Unicorn Cross Body Shoulder Bag Travel Pouch for Girls Stress Relief Multicolor Pouch Travel Pouch,₹229,4.0 out of 5 stars
NA,ALMOSTHERE® 1 Pcs Pop it Fidget Unicorn Sling Bag with Adjustable Sling Zipper Closer Silicone Unicorn Cross Body Shoulder Bag Travel Pouch for Girls Stress Relief Multicolor Pouch Travel Pouch,₹229,4.0 out of 5 stars
NA,Arctic Fox Kobra Gamer Laptop Backpack (Black),₹1997,4.5 out of 5 stars
NA,Arctic Fox Kobra Gamer Laptop Backpack (Black),₹1997,4.5 out of 5 stars
NA,F Gear Milestone Olive Casual 20 Ltrs Laptop Backpack (3376),₹999,4.0 out of 5 stars
NA,F Gear Milestone Olive Casual 20 Ltrs Laptop Backpack (3376),₹999,4.0 out of 5 stars
NA,Dolfin WaterProof Unisex Laptop Backpack 32L with USB Charging Port C 15.6 inch Compartment Water-Resistant and Scratch Resistant Premium Material Laptop Office Bag for Men and Women,₹1699,5.0 out of 5 stars
NA,Dolfin WaterProof Unisex Laptop Backpack 32L with USB Charging Port C 15.6 inch Compartment Water-Resistant and Scratch Resistant Premium Material Laptop Office Bag for Men and Women,₹1699,5.0 out of 5 stars
NA,Contacts 15 inch Everyday Laptop Versatile Backpack with USB Charging Port | Multi functional Bagpack (Grey)…,₹999,3.8 out of 5 stars
NA,Contacts 15 inch Everyday Laptop Versatile Backpack with USB Charging Port | Multi functional Bagpack (Grey)…,₹999,3.8 out of 5 stars
NA,TABELITO Casual Laptop Backpack 15.6-inch 25 LTR Water Repellent,₹548,4.2 out of 5 stars
NA,TABELITO Casual Laptop Backpack 15.6-inch 25 LTR Water Repellent,₹548,4.2 out of 5 stars
NA,Safari Snap 35 Ltrs Large Laptop Backpack With 3 Compartments Water Resistant Fabric - Black (SNAP19CBBLK),₹1815,3.8 out of 5 stars
NA,Safari Snap 35 Ltrs Large Laptop Backpack With 3 Compartments Water Resistant Fabric - Black (SNAP19CBBLK),₹1815,3.8 out of 5 stars
NA,Elegant 16 inch 28 L Casual Waterproof Laptop Backpack/Office Bag/School Bag/College Bag/Business Bag/Unisex Travel Backpack,₹845.06,4.0 out of 5 stars
NA,Elegant 16 inch 28 L Casual Waterproof Laptop Backpack/Office Bag/School Bag/College Bag/Business Bag/Unisex Travel Backpack,₹845.06,4.0 out of 5 stars
NA,MOKOBARA The Work Backpack 15.6" Inch Laptop | Travel Backpack For Men And Women,₹7499,4.6 out of 5 stars
NA,MOKOBARA The Work Backpack 15.6" Inch Laptop | Travel Backpack For Men And Women,₹7499,4.6 out of 5 stars
NA,COSMUS Atomic Dx 3 Compartment Large Laptop Bag Polyester Laptop Backpack,₹1939,4.4 out of 5 stars
NA,COSMUS Atomic Dx 3 Compartment Large Laptop Bag Polyester Laptop Backpack,₹1939,4.4 out of 5 stars
NA,Szeentp 15.6 inch 15 L Casual Waterproof Laptop Backpack/Office Bag/School Bag/College Bag/Business Bag/Unisex Travel Backpack,₹284,3.8 out of 5 stars
NA,Szeentp 15.6 inch 15 L Casual Waterproof Laptop Backpack/Office Bag/School Bag/College Bag/Business Bag/Unisex Travel Backpack,₹284,3.8 out of 5 stars
NA,Wooum Sling Cross Body Bag/One Side Bag/Shoulder Bag/Office Business Messenger Bag/Money Bag for Men and Women - Water Resisitance,₹328,4.0 out of 5 stars
NA,Wooum Sling Cross Body Bag/One Side Bag/Shoulder Bag/Office Business Messenger Bag/Money Bag for Men and Women - Water Resisitance,₹328,4.0 out of 5 stars
NA,Lenovo 16-inch Value Lite Backpack- Black,₹999,4.5 out of 5 stars
NA,Lenovo 16-inch Value Lite Backpack- Black,₹999,4.5 out of 5 stars
NA,NORTH ZONE Lightweight school bags Backpacks for Boys Girls Stylish men and women Casual Travel Laptop Bag College office,₹630,4.0 out of 5 stars
NA,NORTH ZONE Lightweight school bags Backpacks for Boys Girls Stylish men and women Casual Travel Laptop Bag College office,₹630,4.0 out of 5 stars
